"fact_id","hut_id","zanik_id","objekt","typ_objektu","kategorie","navrh_pole_katalogu","hodnota","zdroj_url","zdroj_nazev","zdroj_web","datum_zdroje","povaha_zdroje","casova_povaha","jistota","poznamka","overeno_k"
"FACT-0001","neuvedeno","neuvedeno","Krkonošské boudy","aktivní chata","historie obecně","historicky_kontext","Původní boudy vznikaly jako letní salaše na lučních enklávách; od poloviny 18. století se část z nich stávala celoročními sídly budařských rodin.","https://www.krkonose.eu/krkonosske-boudy","Krkonošské boudy","Krkonose.eu","neuvedeno","oficiální destinační web","stabilní","A","","2026-07-22"
"FACT-0002","neuvedeno","neuvedeno","Krkonošské boudy","aktivní chata","historie obecně","historicky_kontext","Památky organizované turistiky v Krkonoších sahají podle regionálního přehledu ke konci 18. století; boudy na hřebenech začaly sloužit také k přespání turistů.","https://www.krkonose.eu/historie-regionu","Historie regionu","Krkonose.eu","neuvedeno","oficiální destinační web","stabilní","A","","2026-07-22"
"FACT-0003","neuvedeno","neuvedeno","Krkonošské boudy","aktivní chata","historie obecně","historicky_kontext","Kudy z nudy uvádí, že nejstarší horské boudy vznikaly přibližně v polovině 17. století jako útočiště pro pastevce a později se přizpůsobily turistům.","https://www.kudyznudy.cz/aktuality/pet-vyletu-na-hrebeny-krkonos-za-pribehy-kultovnic","Vydejte se do Krkonoš za příběhy kultovních horských bud","Kudy z nudy","neuvedeno","oficiální turistický portál / redakční text","stabilní","B","","2026-07-22"
"FACT-0004","HUT-0001","neuvedeno","Luční bouda","aktivní chata","historie","rok_vzniku / historický milník","Při přestavbě roku 1869 byl nalezen základní kámen s letopočtem 1623; článek připouští existenci objektu již ve druhé polovině 16. století.","https://www.seznamzpravy.cz/clanek/magazin-historie-historie-lucni-boudy-278325","Luční bouda měla být mega stavbou s tunelem pro řeku","Seznam Zprávy","2025-06-07","redakční článek","stabilní","B","","2026-07-22"
"FACT-0005","HUT-0001","neuvedeno","Luční bouda","aktivní chata","historie","historické_milniky","První písemný doklad uváděný článkem je kupní smlouva z roku 1707, kdy objekt získal Christoph Erben.","https://www.seznamzpravy.cz/clanek/magazin-historie-historie-lucni-boudy-278325","Luční bouda měla být mega stavbou s tunelem pro řeku","Seznam Zprávy","2025-06-07","redakční článek","stabilní","B","","2026-07-22"
"FACT-0006","HUT-0001","neuvedeno","Luční bouda","aktivní chata","historie","vlastnici_historicti","Od roku 1772 byla bouda přibližně sto let spojena s rodinou Rennerů.","https://www.seznamzpravy.cz/clanek/magazin-historie-historie-lucni-boudy-278325","Luční bouda měla být mega stavbou s tunelem pro řeku","Seznam Zprávy","2025-06-07","redakční článek","stabilní","B","","2026-07-22"
"FACT-0007","HUT-0001","neuvedeno","Luční bouda","aktivní chata","gastro","historicka_vyroba","Rennerovi zde provozovali hospodářství a vyráběli mimo jiné mléčné a bylinné sýry.","https://www.seznamzpravy.cz/clanek/magazin-historie-historie-lucni-boudy-278325","Luční bouda měla být mega stavbou s tunelem pro řeku","Seznam Zprávy","2025-06-07","redakční článek","stabilní","B","","2026-07-22"
"FACT-0008","HUT-0001","neuvedeno","Luční bouda","aktivní chata","historie","historické_milniky","V noci z 1. na 2. října 1938 bouda vyhořela; článek uvádí dvě teorie a pachatele neoznačuje za potvrzeného.","https://www.seznamzpravy.cz/clanek/magazin-historie-historie-lucni-boudy-278325","Luční bouda měla být mega stavbou s tunelem pro řeku","Seznam Zprávy","2025-06-07","redakční článek","stabilní","B","","2026-07-22"
"FACT-0009","HUT-0001","neuvedeno","Luční bouda","aktivní chata","válka","historické_milniky","Po požáru byla obnovena za protektorátu a objekt využíval Wehrmacht k výcviku.","https://www.seznamzpravy.cz/clanek/magazin-historie-historie-lucni-boudy-278325","Luční bouda měla být mega stavbou s tunelem pro řeku","Seznam Zprávy","2025-06-07","redakční článek","stabilní","B","","2026-07-22"
"FACT-0010","HUT-0001","neuvedeno","Luční bouda","aktivní chata","architektura","zajimavost","Velkorysý válečný projekt počítal mimo jiné s tunelem pro tok řeky; realizován byl jen částečně.","https://www.seznamzpravy.cz/clanek/magazin-historie-historie-lucni-boudy-278325","Luční bouda měla být mega stavbou s tunelem pro řeku","Seznam Zprávy","2025-06-07","redakční článek","tvrzení zdroje","B","","2026-07-22"
"FACT-0011","HUT-0001","neuvedeno","Luční bouda","aktivní chata","osobnosti","historicke_milniky","Eugen Bönsch zde provozoval plachtařskou školu; článek mu připisuje let ze Studniční hory delší než dvě a půl hodiny.","https://www.seznamzpravy.cz/clanek/magazin-historie-historie-lucni-boudy-278325","Luční bouda měla být mega stavbou s tunelem pro řeku","Seznam Zprávy","2025-06-07","redakční článek","tvrzení zdroje","B","","2026-07-22"
"FACT-0012","HUT-0001","neuvedeno","Luční bouda","aktivní chata","provoz","kapacita_luzek","Článek uvádí možnost ubytování až 150 hostů.","https://www.seznamzpravy.cz/clanek/magazin-historie-historie-lucni-boudy-278325","Luční bouda měla být mega stavbou s tunelem pro řeku","Seznam Zprávy","2025-06-07","redakční článek","stabilní","B","","2026-07-22"
"FACT-0013","HUT-0001","neuvedeno","Luční bouda","aktivní chata","gastro","zajimavost","Současný areál zahrnuje pivovar Paroháč; jde o údaj z článku a může se provozně měnit.","https://www.seznamzpravy.cz/clanek/magazin-historie-historie-lucni-boudy-278325","Luční bouda měla být mega stavbou s tunelem pro řeku","Seznam Zprávy","2025-06-07","redakční článek","dynamické – ověřit před publikací","B","","2026-07-22"
"FACT-0014","HUT-0001","neuvedeno","Luční bouda","aktivní chata","výška","nadmorska_vyska","1410 m n. m.","https://www.kudyznudy.cz/aktuality/pet-vyletu-na-hrebeny-krkonos-za-pribehy-kultovnic","Vydejte se do Krkonoš za příběhy kultovních horských bud","Kudy z nudy","neuvedeno","oficiální turistický portál / redakční text","stabilní","B","","2026-07-22"
"FACT-0015","HUT-0001","neuvedeno","Luční bouda","aktivní chata","superlativ / gastro","zajimavost","Kudy z nudy ji označuje za nejvýše položenou restauraci a pivovar ve střední Evropě; jde o tvrzení tohoto zdroje, nikoli nezávisle ověřený rekord.","https://www.kudyznudy.cz/aktuality/pet-vyletu-na-hrebeny-krkonos-za-pribehy-kultovnic","Vydejte se do Krkonoš za příběhy kultovních horských bud","Kudy z nudy","neuvedeno","oficiální turistický portál / redakční text","tvrzení zdroje","C","Superlativ před publikací ověřit nezávislým zdrojem a přesnou definicí.","2026-07-22"
"FACT-0016","HUT-0006","neuvedeno","Brádlerovy boudy","aktivní chata","historie","historické_milniky","Boudy leží na přibližně třináctihektarové luční enklávě mezi Dvorským a Medvědím potokem.","https://www.seznamzpravy.cz/clanek/magazin-cestovani-bradlerovy-boudy-historie-fotky-280785","Brádlerovy boudy: Jako první tu visel hákový kříž. Po válce nesly jméno Julia Fučíka","Seznam Zprávy","2025-07-13","redakční článek","stabilní","B","","2026-07-22"
"FACT-0017","HUT-0006","neuvedeno","Brádlerovy boudy","aktivní chata","historie","historické_milniky","Nejstarší doložená zmínka uváděná článkem pochází z roku 1676.","https://www.seznamzpravy.cz/clanek/magazin-cestovani-bradlerovy-boudy-historie-fotky-280785","Brádlerovy boudy: Jako první tu visel hákový kříž. Po válce nesly jméno Julia Fučíka","Seznam Zprávy","2025-07-13","redakční článek","stabilní","B","","2026-07-22"
"FACT-0018","HUT-0006","neuvedeno","Brádlerovy boudy","aktivní chata","historie","historické_milniky","Článek zmiňuje také možný rok 1637 podle regionálního průvodce, ale tento údaj označuje jako nejistý.","https://www.seznamzpravy.cz/clanek/magazin-cestovani-bradlerovy-boudy-historie-fotky-280785","Brádlerovy boudy: Jako první tu visel hákový kříž. Po válce nesly jméno Julia Fučíka","Seznam Zprávy","2025-07-13","redakční článek","sporné / rozpor","C","","2026-07-22"
"FACT-0019","HUT-0006","neuvedeno","Brádlerovy boudy","aktivní chata","historie","historické_milniky","První objekty sloužily pastevcům a dřevorubcům; později se proměnily v turistické ubytování a restaurace.","https://www.seznamzpravy.cz/clanek/magazin-cestovani-bradlerovy-boudy-historie-fotky-280785","Brádlerovy boudy: Jako první tu visel hákový kříž. Po válce nesly jméno Julia Fučíka","Seznam Zprávy","2025-07-13","redakční článek","stabilní","B","","2026-07-22"
"FACT-0020","HUT-0006","neuvedeno","Brádlerovy boudy","aktivní chata","historie","historické_milniky","Po druhé světové válce areál nesl jméno Julia Fučíka.","https://www.seznamzpravy.cz/clanek/magazin-cestovani-bradlerovy-boudy-historie-fotky-280785","Brádlerovy boudy: Jako první tu visel hákový kříž. Po válce nesly jméno Julia Fučíka","Seznam Zprávy","2025-07-13","redakční článek","stabilní","B","","2026-07-22"
"FACT-0021","HUT-0002","neuvedeno","Labská bouda","aktivní chata","výška","nadmorska_vyska","1340 m n. m.","https://www.seznamzpravy.cz/clanek/magazin-cestovani-labska-bouda-historie-281928","Z popela vyrostl betonový kolos. Labská bouda překonala snahy o zbourání a žije dál","Seznam Zprávy","2025-07-20","redakční článek","stabilní","B","","2026-07-22"
"FACT-0022","HUT-0002","neuvedeno","Labská bouda","aktivní chata","architektura","zajimavost","Současná Labská bouda je devítipodlažní železobetonová stavba; recepce a hlavní vstup jsou v horní části a výtahy jedou do nižších pater.","https://www.seznamzpravy.cz/clanek/magazin-cestovani-labska-bouda-historie-281928","Z popela vyrostl betonový kolos. Labská bouda překonala snahy o zbourání a žije dál","Seznam Zprávy","2025-07-20","redakční článek","stabilní","B","","2026-07-22"
"FACT-0023","HUT-0002","neuvedeno","Labská bouda","aktivní chata","historie","historické_milniky","První písemnou zmínku článek klade přibližně k roku 1830 a spojuje ji s jednoduchým přístřeškem ženy přezdívané die Blasse.","https://www.seznamzpravy.cz/clanek/magazin-cestovani-labska-bouda-historie-281928","Z popela vyrostl betonový kolos. Labská bouda překonala snahy o zbourání a žije dál","Seznam Zprávy","2025-07-20","redakční článek","stabilní","B","","2026-07-22"
"FACT-0024","HUT-0002","neuvedeno","Labská bouda","aktivní chata","gastro","historicka_nabidka","První občerstvení zahrnovalo podle článku pivo, destiláty, mléko, víno a chléb.","https://www.seznamzpravy.cz/clanek/magazin-cestovani-labska-bouda-historie-281928","Z popela vyrostl betonový kolos. Labská bouda překonala snahy o zbourání a žije dál","Seznam Zprávy","2025-07-20","redakční článek","stabilní","B","","2026-07-22"
"FACT-0025","HUT-0002","neuvedeno","Labská bouda","aktivní chata","historie","rok_zaniku_predchudce","Předchozí Labská bouda vyhořela roku 1965.","https://www.seznamzpravy.cz/clanek/magazin-cestovani-labska-bouda-historie-281928","Z popela vyrostl betonový kolos. Labská bouda překonala snahy o zbourání a žije dál","Seznam Zprávy","2025-07-20","redakční článek","stabilní","B","","2026-07-22"
"FACT-0026","HUT-0002","neuvedeno","Labská bouda","aktivní chata","historie","rok_otevreni_soucasne_stavby","Současná stavba byla otevřena roku 1975.","https://www.seznamzpravy.cz/clanek/magazin-cestovani-labska-bouda-historie-281928","Z popela vyrostl betonový kolos. Labská bouda překonala snahy o zbourání a žije dál","Seznam Zprávy","2025-07-20","redakční článek","stabilní","B","","2026-07-22"
"FACT-0027","HUT-0002","neuvedeno","Labská bouda","aktivní chata","ochrana_prirody","historické_milniky","Oficiální destinační web uvádí, že roku 1904 zde vznikla první přírodní rezervace v Krkonoších.","https://www.krkonose.eu/labska-bouda-0","Labská bouda","Krkonose.eu","neuvedeno","oficiální destinační web","stabilní","A","","2026-07-22"
"FACT-0028","HUT-0002","neuvedeno","Labská bouda","aktivní chata","osobnosti","historické_milniky","Bohumil Hanč byl po závodu v roce 1913 dopraven na Labskou boudu, kde zemřel.","https://www.krkonose.eu/labska-bouda-0","Labská bouda","Krkonose.eu","neuvedeno","oficiální destinační web","stabilní","A","","2026-07-22"
"FACT-0029","HUT-0002","neuvedeno","Labská bouda","aktivní chata","kontakt","telefon","+420 720 952 909","https://www.krkonose.eu/labska-bouda-0","Labská bouda","Krkonose.eu","neuvedeno","oficiální destinační web","stabilní","A","","2026-07-22"
"FACT-0030","HUT-0002","neuvedeno","Labská bouda","aktivní chata","gps","gps","50.7700567, 15.5453881","https://www.krkonose.eu/labska-bouda-0","Labská bouda","Krkonose.eu","neuvedeno","oficiální destinační web","stabilní","A","","2026-07-22"
"FACT-0031","HUT-0002","neuvedeno","Labská bouda","aktivní chata","věda","zajimavost","Destinační profil uvádí trvalou meteorologickou stanici a solární a ozónovou observatoř ČHMÚ.","https://www.krkonose.eu/labska-bouda-0","Labská bouda","Krkonose.eu","neuvedeno","oficiální destinační web","stabilní","A","","2026-07-22"
"FACT-0032","HUT-0002","neuvedeno","Labská bouda","aktivní chata","vlastnictví","historické_milniky","Článek uvádí, že v druhé polovině roku 2012 se vlastníkem stala společnost Salvario Holdings.","https://www.seznamzpravy.cz/clanek/magazin-cestovani-labska-bouda-historie-281928","Z popela vyrostl betonový kolos. Labská bouda překonala snahy o zbourání a žije dál","Seznam Zprávy","2025-07-20","redakční článek","stabilní historický údaj, aktuální vlastnictví ověřit","B","","2026-07-22"
"FACT-0033","HUT-0003","neuvedeno","Chata Výrovka","aktivní chata","historie","historicky_kontext","Počátky místa sahají podle článku do 18. století; jednoduchý přístřešek býval nadsazeně nazýván Hotel Výrovka.","https://www.seznamzpravy.cz/clanek/magazin-cestovani-krkonose-vyrovka-282401","Slavná krkonošská Výrovka mění provozovatele. Kdysi tu chytali pašeráky","Seznam Zprávy","2025-07-27","redakční článek","stabilní","B","","2026-07-22"
"FACT-0034","HUT-0003","neuvedeno","Chata Výrovka","aktivní chata","historie","vyuziti_historicke","V oblasti působila finanční stráž a byli zde stíháni pašeráci.","https://www.seznamzpravy.cz/clanek/magazin-cestovani-krkonose-vyrovka-282401","Slavná krkonošská Výrovka mění provozovatele. Kdysi tu chytali pašeráky","Seznam Zprávy","2025-07-27","redakční článek","stabilní","B","","2026-07-22"
"FACT-0035","HUT-0003","neuvedeno","Chata Výrovka","aktivní chata","historie","vyuziti_historicke","Objekt nebo jeho předchůdci sloužili také vojenskému lyžařskému výcviku a policejní stanici.","https://www.seznamzpravy.cz/clanek/magazin-cestovani-krkonose-vyrovka-282401","Slavná krkonošská Výrovka mění provozovatele. Kdysi tu chytali pašeráky","Seznam Zprávy","2025-07-27","redakční článek","stabilní","B","","2026-07-22"
"FACT-0036","HUT-0003","neuvedeno","Chata Výrovka","aktivní chata","historické názvy","nazvy_historicke","Článek spojuje historické názvy místa s jedlemi, supy a výry; jednotlivé etymologie podává jako různé výklady.","https://www.seznamzpravy.cz/clanek/magazin-cestovani-krkonose-vyrovka-282401","Slavná krkonošská Výrovka mění provozovatele. Kdysi tu chytali pašeráky","Seznam Zprávy","2025-07-27","redakční článek","stabilní","B","","2026-07-22"
"FACT-0037","HUT-0003","neuvedeno","Chata Výrovka","aktivní chata","historie","historické_milniky","Předchůdci současné chaty opakovaně vyhořeli, včetně dvou požárů ve 40. letech 20. století.","https://www.seznamzpravy.cz/clanek/magazin-cestovani-krkonose-vyrovka-282401","Slavná krkonošská Výrovka mění provozovatele. Kdysi tu chytali pašeráky","Seznam Zprávy","2025-07-27","redakční článek","stabilní","B","","2026-07-22"
"FACT-0038","HUT-0003","neuvedeno","Chata Výrovka","aktivní chata","architektura","historické_milniky","Současná Výrovka vznikla na konci 80. let; článek uvádí dokončení kolem roku 1990, polského dodavatele Budimex a architekta Vladimíra Vokatého.","https://www.seznamzpravy.cz/clanek/magazin-cestovani-krkonose-vyrovka-282401","Slavná krkonošská Výrovka mění provozovatele. Kdysi tu chytali pašeráky","Seznam Zprávy","2025-07-27","redakční článek","stabilní","B","","2026-07-22"
"FACT-0039","HUT-0003","neuvedeno","Chata Výrovka","aktivní chata","kapacita","kapacita_luzek","50 lůžek.","https://www.krkonose.eu/chata-vyrovka","Chata Výrovka","Krkonose.eu","neuvedeno","oficiální destinační web","stabilní","A","","2026-07-22"
"FACT-0040","HUT-0003","neuvedeno","Chata Výrovka","aktivní chata","gps","gps","50.7153950, 15.6806306","https://www.krkonose.eu/chata-vyrovka","Chata Výrovka","Krkonose.eu","neuvedeno","oficiální destinační web","stabilní","A","","2026-07-22"
"FACT-0041","HUT-0003","neuvedeno","Chata Výrovka","aktivní chata","kontakt","telefon","+420 725 107 808","https://www.krkonose.eu/chata-vyrovka","Chata Výrovka","Krkonose.eu","neuvedeno","oficiální destinační web","stabilní","A","","2026-07-22"
"FACT-0042","neuvedeno","ZANIK-006","Havlova bouda","zaniklá bouda","zánik","rok_zaniku / pricina_zaniku","Seznam Zprávy uvádějí, že Havlova bouda po druhé světové válce vyhořela.","https://www.seznamzpravy.cz/clanek/magazin-cestovani-krkonose-vyrovka-282401","Slavná krkonošská Výrovka mění provozovatele. Kdysi tu chytali pašeráky","Seznam Zprávy","2025-07-27","redakční článek","stabilní","B","Vhodné jako další zdroj k existujícímu záznamu ZANIK-006; přesný rok z tohoto článku nevyplývá.","2026-07-22"
"FACT-0043","neuvedeno","neuvedeno","Vrbatova bouda","aktivní chata","historie","historické_milniky","V době tragického závodu Hanče a Vrbaty roku 1913 na návrší ještě dnešní bouda nestála.","https://www.seznamzpravy.cz/clanek/magazin-cestovani-vrbatova-bouda-282731","Vrbatova bouda: příběh stavby na Zlatém návrší","Seznam Zprávy","2025-08-03","redakční článek","stabilní","B","","2026-07-22"
"FACT-0044","neuvedeno","neuvedeno","Vrbatova bouda","aktivní chata","historie","historické_milniky","V roce 1936 byl položen základní kámen plánované Švehlovy chaty.","https://www.seznamzpravy.cz/clanek/magazin-cestovani-vrbatova-bouda-282731","Vrbatova bouda: příběh stavby na Zlatém návrší","Seznam Zprávy","2025-08-03","redakční článek","stabilní","B","","2026-07-22"
"FACT-0045","neuvedeno","neuvedeno","Vrbatova bouda","aktivní chata","historie","rok_otevreni","Současná Vrbatova bouda byla podle souhrnného článku otevřena roku 1964.","https://www.seznamzpravy.cz/clanek/magazin-cestovani-vrbatova-bouda-282731","Vrbatova bouda: příběh stavby na Zlatém návrší","Seznam Zprávy","2025-08-03","redakční článek","stabilní","B","","2026-07-22"
"FACT-0046","neuvedeno","neuvedeno","Vrbatova bouda","aktivní chata","architektura","historické_milniky","Od roku 2007 probíhala rekonstrukce, při níž měl být zachován základní účel a forma stavby.","https://www.seznamzpravy.cz/clanek/magazin-cestovani-vrbatova-bouda-282731","Vrbatova bouda: příběh stavby na Zlatém návrší","Seznam Zprávy","2025-08-03","redakční článek","stabilní","B","","2026-07-22"
"FACT-0047","neuvedeno","neuvedeno","Vrbatova bouda","aktivní chata","doprava","pristup","Sezónní autobus z Horních Míseček je dynamická informace a musí být ověřena pro konkrétní sezonu.","https://www.seznamzpravy.cz/clanek/magazin-cestovani-vrbatova-bouda-282731","Vrbatova bouda: příběh stavby na Zlatém návrší","Seznam Zprávy","2025-08-03","redakční článek","dynamické – ověřit před publikací","B","","2026-07-22"
"FACT-0048","neuvedeno","neuvedeno","Vrbatova bouda","aktivní chata","trasa","trasa","Ze směru od Jilemnické boudy článek uvádí žlutou trasu přibližně 2,8 km / 1,5 hodiny.","https://www.seznamzpravy.cz/clanek/magazin-cestovani-vrbatova-bouda-282731","Vrbatova bouda: příběh stavby na Zlatém návrší","Seznam Zprávy","2025-08-03","redakční článek","stabilní","B","","2026-07-22"
"FACT-0049","neuvedeno","neuvedeno","Vrbatova bouda","aktivní chata","trasa","trasa","Z Rokytnice nad Jizerou přes Dvoračky článek uvádí přibližně 7,3 km / 3,5 hodiny.","https://www.seznamzpravy.cz/clanek/magazin-cestovani-vrbatova-bouda-282731","Vrbatova bouda: příběh stavby na Zlatém návrší","Seznam Zprávy","2025-08-03","redakční článek","stabilní","B","","2026-07-22"
"FACT-0050","HUT-0012","neuvedeno","Dvoračky","aktivní chata","výška","nadmorska_vyska","1140 m n. m.","https://www.seznamzpravy.cz/clanek/magazin-cestovani-bouda-dvoracky-stumpovka-283330","Krkonošské Dvoračky: V historii ubytovávaly Beneše, nyní jsou rájem pečených housek","Seznam Zprávy","2025-08-10","redakční článek","stabilní","B","","2026-07-22"
"FACT-0051","HUT-0012","neuvedeno","Dvoračky","aktivní chata","gastro","specialita","Článek spojuje Dvoračky s borůvkovými knedlíky a domácími pečenými houskami.","https://www.seznamzpravy.cz/clanek/magazin-cestovani-bouda-dvoracky-stumpovka-283330","Krkonošské Dvoračky: V historii ubytovávaly Beneše, nyní jsou rájem pečených housek","Seznam Zprávy","2025-08-10","redakční článek","stabilní","B","","2026-07-22"
"FACT-0052","HUT-0012","neuvedeno","Dvoračky","aktivní chata","historie","historické_milniky","První písemnou zmínku článek datuje do roku 1688 a popisuje letní boudy pro přibližně 50 krav a 80 koz.","https://www.seznamzpravy.cz/clanek/magazin-cestovani-bouda-dvoracky-stumpovka-283330","Krkonošské Dvoračky: V historii ubytovávaly Beneše, nyní jsou rájem pečených housek","Seznam Zprávy","2025-08-10","redakční článek","stabilní","B","","2026-07-22"
"FACT-0053","HUT-0012","neuvedeno","Dvoračky","aktivní chata","historie","vlastnici_historicti","Po válce byl objekt vrácen Elle Půhonné a později znárodněn.","https://www.seznamzpravy.cz/clanek/magazin-cestovani-bouda-dvoracky-stumpovka-283330","Krkonošské Dvoračky: V historii ubytovávaly Beneše, nyní jsou rájem pečených housek","Seznam Zprávy","2025-08-10","redakční článek","stabilní","B","","2026-07-22"
"FACT-0054","HUT-0012","neuvedeno","Dvoračky","aktivní chata","historie","provozovatele","Rodina Starých spravuje Dvoračky od počátku 90. let 20. století.","https://www.seznamzpravy.cz/clanek/magazin-cestovani-bouda-dvoracky-stumpovka-283330","Krkonošské Dvoračky: V historii ubytovávaly Beneše, nyní jsou rájem pečených housek","Seznam Zprávy","2025-08-10","redakční článek","stabilní","B","","2026-07-22"
"FACT-0055","HUT-0012","neuvedeno","Dvoračky","aktivní chata","zanik predchudce","historické_milniky","Štumpovka na sousedním místě vyhořela roku 1990; na lokalitě později vznikl nový objekt.","https://www.seznamzpravy.cz/clanek/magazin-cestovani-bouda-dvoracky-stumpovka-283330","Krkonošské Dvoračky: V historii ubytovávaly Beneše, nyní jsou rájem pečených housek","Seznam Zprávy","2025-08-10","redakční článek","stabilní","B","","2026-07-22"
"FACT-0056","HUT-0012","neuvedeno","Dvoračky","aktivní chata","stavba","historické_milniky","Stará stavba Dvoraček byla kvůli dřevomorce odstraněna a nahrazena novou; nejde o zánik lokality chaty, ale o výměnu budovy.","https://www.seznamzpravy.cz/clanek/magazin-cestovani-padly-kvuli-drevomorce-ted-slavne-dvoracky-na-vrcholu-krkonos-otevrou-v-novem-293666","Padly kvůli dřevomorce. Teď slavné Dvoračky na vrcholu Krkonoš otevřou v novém","Seznam Zprávy","2025-12-19","redakční článek","dynamické – ověřit před publikací","B","","2026-07-22"
"FACT-0057","HUT-0004","neuvedeno","Vosecká bouda","aktivní chata","výška","nadmorska_vyska","1260 m n. m.","https://www.seznamzpravy.cz/clanek/magazin-cestovani-vosecka-bouda-historie-283327","Vosecká bouda je dodnes bez elektřiny. Žili tu podivíni i skvělí hospodáři","Seznam Zprávy","2025-08-17","redakční článek","stabilní","B","","2026-07-22"
"FACT-0058","HUT-0004","neuvedeno","Vosecká bouda","aktivní chata","historie","rok_vzniku","Založena před rokem 1743 jako seník; kolem roku 1790 sloužila jako přístřešek dřevařů a hospodářské stavení.","https://www.krkonose.eu/vosecka-bouda","Vosecká bouda","Krkonose.eu","neuvedeno","oficiální destinační web","stabilní","A","","2026-07-22"
"FACT-0059","HUT-0004","neuvedeno","Vosecká bouda","aktivní chata","historické názvy","nazvy_historicke","Česká nová; Františkánská.","https://www.krkonose.eu/vosecka-bouda","Vosecká bouda","Krkonose.eu","neuvedeno","oficiální destinační web","stabilní","A","","2026-07-22"
"FACT-0060","HUT-0004","neuvedeno","Vosecká bouda","aktivní chata","historie","historické_milniky","Pro turistické účely slouží od roku 1896, v roce 1900 byla přestavěna a rozšířena; současný ráz získala po druhé světové válce.","https://www.krkonose.eu/vosecka-bouda","Vosecká bouda","Krkonose.eu","neuvedeno","oficiální destinační web","stabilní","A","","2026-07-22"
"FACT-0061","HUT-0004","neuvedeno","Vosecká bouda","aktivní chata","energie","zajimavost","Oficiální profil uvádí, že bouda není připojena k elektrické distribuční síti a elektřinu vyrábí vlastním zdrojem.","https://www.krkonose.eu/vosecka-bouda","Vosecká bouda","Krkonose.eu","neuvedeno","oficiální destinační web","stabilní","A","","2026-07-22"
"FACT-0062","HUT-0004","neuvedeno","Vosecká bouda","aktivní chata","historie","zajimavost","Destinační profil ji označuje za jednu z mála krkonošských bud, které nikdy nevyhořely.","https://www.krkonose.eu/vosecka-bouda","Vosecká bouda","Krkonose.eu","neuvedeno","oficiální destinační web","stabilní","A","","2026-07-22"
"FACT-0063","HUT-0004","neuvedeno","Vosecká bouda","aktivní chata","kapacita","kapacita_luzek","Krkonose.eu uvádí 42 lůžek; Seznam Zprávy uvádějí 43, jde o rozpor zdrojů.","https://www.seznamzpravy.cz/clanek/magazin-cestovani-vosecka-bouda-historie-283327","Vosecká bouda je dodnes bez elektřiny. Žili tu podivíni i skvělí hospodáři","Seznam Zprávy","2025-08-17","redakční článek","sporné / rozpor","C","","2026-07-22"
"FACT-0064","HUT-0004","neuvedeno","Vosecká bouda","aktivní chata","gps","gps","50.7829861, 15.5109558","https://www.krkonose.eu/vosecka-bouda","Vosecká bouda","Krkonose.eu","neuvedeno","oficiální destinační web","stabilní","A","","2026-07-22"
"FACT-0065","HUT-0004","neuvedeno","Vosecká bouda","aktivní chata","kontakt","telefon","+420 481 529 610","https://www.krkonose.eu/vosecka-bouda","Vosecká bouda","Krkonose.eu","neuvedeno","oficiální destinační web","stabilní","A","","2026-07-22"
"FACT-0066","HUT-0004","neuvedeno","Vosecká bouda","aktivní chata","otevírací doba","oteviraci_doba","Krkonose.eu uvádí kuchyni neděle–čtvrtek do 19:00 a pátek–sobota do 20:00; ověřit před publikací.","https://www.krkonose.eu/vosecka-bouda","Vosecká bouda","Krkonose.eu","neuvedeno","oficiální destinační web","dynamické – ověřit před publikací","A","","2026-07-22"
"FACT-0067","HUT-0004","neuvedeno","Vosecká bouda","aktivní chata","energie","technicke_parametry","Navržená fotovoltaika má výkon 12,74 kWp a bateriové úložiště kapacitu 70,4 kWh.","https://casopisturista.cz/vosecka-bouda-nekonecna-energie-v-krkonosich-vosecka-bouda-meni-dieselagregat-za-fotovoltaiku-s-bateriovym-ulozistem/","Vosecká bouda: Nekonečná energie v Krkonoších","Časopis Turista","2026-02-28","časopis KČT / partnerský projekt","tvrzení projektu / budoucí měření","B","","2026-07-22"
"FACT-0068","HUT-0004","neuvedeno","Vosecká bouda","aktivní chata","energie","ocekavany_prinos","Projekt předpokládá roční úsporu přibližně 11,5 t CO2; zdroj výslovně uvádí, že jde o předpoklad před vyhodnocením zkušebního provozu.","https://casopisturista.cz/vosecka-bouda-nekonecna-energie-v-krkonosich-vosecka-bouda-meni-dieselagregat-za-fotovoltaiku-s-bateriovym-ulozistem/","Vosecká bouda: Nekonečná energie v Krkonoších","Časopis Turista","2026-02-28","časopis KČT / partnerský projekt","tvrzení projektu / budoucí měření","B","","2026-07-22"
"FACT-0069","HUT-0014","neuvedeno","Rýchorská bouda","aktivní chata","výška","nadmorska_vyska","1000 m n. m.","https://www.krkonose.eu/rychorska-bouda","Rýchorská bouda","Krkonose.eu","neuvedeno","oficiální destinační web","stabilní","A","","2026-07-22"
"FACT-0070","HUT-0014","neuvedeno","Rýchorská bouda","aktivní chata","kapacita","kapacita_luzek","45 lůžek.","https://www.krkonose.eu/rychorska-bouda","Rýchorská bouda","Krkonose.eu","neuvedeno","oficiální destinační web","stabilní","A","","2026-07-22"
"FACT-0071","HUT-0014","neuvedeno","Rýchorská bouda","aktivní chata","gps","gps","50.6602003, 15.8504311","https://www.krkonose.eu/rychorska-bouda","Rýchorská bouda","Krkonose.eu","neuvedeno","oficiální destinační web","stabilní","A","","2026-07-22"
"FACT-0072","HUT-0014","neuvedeno","Rýchorská bouda","aktivní chata","kontakt","telefon","+420 777 045 673","https://www.krkonose.eu/rychorska-bouda","Rýchorská bouda","Krkonose.eu","neuvedeno","oficiální destinační web","stabilní","A","","2026-07-22"
"FACT-0073","HUT-0014","neuvedeno","Rýchorská bouda","aktivní chata","vlastnictví","historické_milniky","KRNAP objekt vlastní od roku 1976.","https://www.seznamzpravy.cz/clanek/magazin-cestovani-rychorska-bouda-284486","Rýchorská bouda: Majitelku Němku po válce vyhnali. Místo zachránil KRNAP","Seznam Zprávy","2025-08-24","redakční článek","stabilní","B","","2026-07-22"
"FACT-0074","HUT-0014","neuvedeno","Rýchorská bouda","aktivní chata","rekonstrukce","historické_milniky","V letech 1980–1985 proběhla rekonstrukce pro potřeby ekologické výchovy; článek uvádí náklady osm milionů československých korun.","https://www.seznamzpravy.cz/clanek/magazin-cestovani-rychorska-bouda-284486","Rýchorská bouda: Majitelku Němku po válce vyhnali. Místo zachránil KRNAP","Seznam Zprávy","2025-08-24","redakční článek","stabilní","B","","2026-07-22"
"FACT-0075","HUT-0014","neuvedeno","Rýchorská bouda","aktivní chata","provoz","zajimavost","Současný profil zdůrazňuje spojení ubytovacího provozu s ekologickým chovem skotu a péčí o louky.","https://www.krkonose.eu/rychorska-bouda","Rýchorská bouda","Krkonose.eu","neuvedeno","oficiální destinační web","stabilní","A","","2026-07-22"
"FACT-0076","neuvedeno","neuvedeno","Maxova bouda / Maxhütte","zaniklá bouda / kandidát","rok_vzniku","rok_vzniku","1892","https://www.seznamzpravy.cz/clanek/magazin-cestovani-rychorska-bouda-284486","Rýchorská bouda: Majitelku Němku po válce vyhnali. Místo zachránil KRNAP","Seznam Zprávy","2025-08-24","redakční článek","stabilní","B","Kandidát k doplnění do zaniklého katalogu; vyžaduje druhý nezávislý zdroj a přesnou polohu/rok zániku.","2026-07-22"
"FACT-0077","neuvedeno","neuvedeno","Maxova bouda / Maxhütte","zaniklá bouda / kandidát","původ stavby","popis","Objekt vznikl přenesením pavilonu z Jubilejní zemské výstavy v Praze roku 1891, který daroval průmyslník Max Hirsch.","https://www.seznamzpravy.cz/clanek/magazin-cestovani-rychorska-bouda-284486","Rýchorská bouda: Majitelku Němku po válce vyhnali. Místo zachránil KRNAP","Seznam Zprávy","2025-08-24","redakční článek","stabilní","B","Kandidát k doplnění do zaniklého katalogu; vyžaduje druhý nezávislý zdroj a přesnou polohu/rok zániku.","2026-07-22"
"FACT-0078","neuvedeno","neuvedeno","Maxova bouda / Maxhütte","zaniklá bouda / kandidát","rozměry","zajimavost","Článek uvádí rozměr pavilonu přibližně 7,7 × 6 m.","https://www.seznamzpravy.cz/clanek/magazin-cestovani-rychorska-bouda-284486","Rýchorská bouda: Majitelku Němku po válce vyhnali. Místo zachránil KRNAP","Seznam Zprávy","2025-08-24","redakční článek","stabilní","B","Kandidát k doplnění do zaniklého katalogu; vyžaduje druhý nezávislý zdroj a přesnou polohu/rok zániku.","2026-07-22"
"FACT-0079","neuvedeno","neuvedeno","Maxova bouda / Maxhütte","zaniklá bouda / kandidát","zánik","rok_zaniku","Článek z roku 2025 uvádí, že Maxova bouda zanikla přibližně před sedmdesáti lety; přesný rok z něj nelze bezpečně určit.","https://www.seznamzpravy.cz/clanek/magazin-cestovani-rychorska-bouda-284486","Rýchorská bouda: Majitelku Němku po válce vyhnali. Místo zachránil KRNAP","Seznam Zprávy","2025-08-24","redakční článek","stabilní","C","Kandidát k doplnění do zaniklého katalogu; vyžaduje druhý nezávislý zdroj a přesnou polohu/rok zániku.","2026-07-22"
"FACT-0080","HUT-0015","neuvedeno","Bouda Jelenka","aktivní chata","výška","nadmorska_vyska","1260 m n. m.","https://www.krkonose.eu/bouda-jelenka","Bouda Jelenka","Krkonose.eu","neuvedeno","oficiální destinační web","stabilní","A","","2026-07-22"
"FACT-0081","HUT-0015","neuvedeno","Bouda Jelenka","aktivní chata","poloha","pristup","Leží na hlavním hřebeni mezi Horní Malou Úpou a Sněžkou, přibližně 3,5 km od vrcholu Sněžky.","https://www.krkonose.eu/bouda-jelenka","Bouda Jelenka","Krkonose.eu","neuvedeno","oficiální destinační web","stabilní","A","","2026-07-22"
"FACT-0082","HUT-0015","neuvedeno","Bouda Jelenka","aktivní chata","historie","rok_vzniku","Současnou chatu nechal roku 1936 postavit hrabě Czernin-Morzin.","https://www.krkonose.eu/bouda-jelenka","Bouda Jelenka","Krkonose.eu","neuvedeno","oficiální destinační web","stabilní","A","","2026-07-22"
"FACT-0083","HUT-0015","neuvedeno","Bouda Jelenka","aktivní chata","historické názvy","nazvy_historicke","Emma-Quelle-Baude / Emma-quelle Baude, podle pramene Emmy.","https://www.krkonose.eu/bouda-jelenka","Bouda Jelenka","Krkonose.eu","neuvedeno","oficiální destinační web","stabilní","A","","2026-07-22"
"FACT-0084","HUT-0015","neuvedeno","Bouda Jelenka","aktivní chata","kapacita","kapacita_luzek","Stránka uvádí v různých částech 25 a 26 lůžek; údaj je interně rozporný.","https://www.krkonose.eu/bouda-jelenka","Bouda Jelenka","Krkonose.eu","neuvedeno","oficiální destinační web","sporné / rozpor","C","","2026-07-22"
"FACT-0085","HUT-0015","neuvedeno","Bouda Jelenka","aktivní chata","gps","gps","50.7418350, 15.7779764","https://www.krkonose.eu/bouda-jelenka","Bouda Jelenka","Krkonose.eu","neuvedeno","oficiální destinační web","stabilní","A","","2026-07-22"
"FACT-0086","HUT-0015","neuvedeno","Bouda Jelenka","aktivní chata","kontakt","telefon","+420 499 895 105","https://www.krkonose.eu/bouda-jelenka","Bouda Jelenka","Krkonose.eu","neuvedeno","oficiální destinační web","stabilní","A","","2026-07-22"
"FACT-0087","HUT-0007","neuvedeno","Špindlerova bouda","aktivní chata","výška","nadmorska_vyska","1208 m n. m.","https://www.krkonose.eu/hotel-spindlerova-bouda-0","Hotel Špindlerova Bouda","Krkonose.eu","neuvedeno","oficiální destinační web","stabilní","A","","2026-07-22"
"FACT-0088","HUT-0007","neuvedeno","Špindlerova bouda","aktivní chata","historie","historické_milniky","Předchůdce na lokalitě je uváděn od roku 1784; Franz Spindler vybudoval boudu roku 1824.","https://www.seznamzpravy.cz/clanek/magazin-cestovani-spindlerova-bouda-historie-283478","Legendární Špindlerovka je dnes moderní hotel. Provoz nezastavily ani požáry","Seznam Zprávy","2025-09-07","redakční článek","stabilní","B","","2026-07-22"
"FACT-0089","HUT-0007","neuvedeno","Špindlerova bouda","aktivní chata","historie","historické_milniky","Bouda vyhořela roku 1826 a byla znovu postavena.","https://www.seznamzpravy.cz/clanek/magazin-cestovani-spindlerova-bouda-historie-283478","Legendární Špindlerovka je dnes moderní hotel. Provoz nezastavily ani požáry","Seznam Zprávy","2025-09-07","redakční článek","stabilní","B","","2026-07-22"
"FACT-0090","HUT-0007","neuvedeno","Špindlerova bouda","aktivní chata","historie","vlastnici_historicti","Johann Hollmann ji převzal roku 1855 a rozvinul jako horský hotel.","https://www.seznamzpravy.cz/clanek/magazin-cestovani-spindlerova-bouda-historie-283478","Legendární Špindlerovka je dnes moderní hotel. Provoz nezastavily ani požáry","Seznam Zprávy","2025-09-07","redakční článek","stabilní","B","","2026-07-22"
"FACT-0091","HUT-0007","neuvedeno","Špindlerova bouda","aktivní chata","požár","historické_milniky","Požár roku 2005 zasáhl přístavbu, nikoli hlavní historickou budovu.","https://www.seznamzpravy.cz/clanek/magazin-cestovani-spindlerova-bouda-historie-283478","Legendární Špindlerovka je dnes moderní hotel. Provoz nezastavily ani požáry","Seznam Zprávy","2025-09-07","redakční článek","stabilní","B","","2026-07-22"
"FACT-0092","HUT-0007","neuvedeno","Špindlerova bouda","aktivní chata","kapacita","kapacita_luzek","153 lůžek.","https://www.krkonose.eu/hotel-spindlerova-bouda-0","Hotel Špindlerova Bouda","Krkonose.eu","neuvedeno","oficiální destinační web","stabilní","A","","2026-07-22"
"FACT-0093","HUT-0007","neuvedeno","Špindlerova bouda","aktivní chata","gps","gps","50.7623078, 15.6354103","https://www.krkonose.eu/hotel-spindlerova-bouda-0","Hotel Špindlerova Bouda","Krkonose.eu","neuvedeno","oficiální destinační web","stabilní","A","","2026-07-22"
"FACT-0094","HUT-0007","neuvedeno","Špindlerova bouda","aktivní chata","kontakt","telefon","+420 725 855 397","https://www.krkonose.eu/hotel-spindlerova-bouda-0","Hotel Špindlerova Bouda","Krkonose.eu","neuvedeno","oficiální destinační web","stabilní","A","","2026-07-22"
"FACT-0095","HUT-0007","neuvedeno","Špindlerova bouda","aktivní chata","doprava","pristup","K objektu vede silnice a autobusová linka ze Špindlerova Mlýna; jízdní řád je dynamický údaj.","https://www.krkonose.eu/hotel-spindlerova-bouda-0","Hotel Špindlerova Bouda","Krkonose.eu","neuvedeno","oficiální destinační web","dynamické – ověřit před publikací","A","","2026-07-22"
"FACT-0096","HUT-0005","neuvedeno","Martinova bouda","aktivní chata","výška","nadmorska_vyska","1288 m n. m.","https://www.krkonose.eu/martinova-bouda","Martinova bouda","Krkonose.eu","neuvedeno","oficiální destinační web","stabilní","A","","2026-07-22"
"FACT-0097","HUT-0005","neuvedeno","Martinova bouda","aktivní chata","kapacita","kapacita_luzek","42 lůžek.","https://www.krkonose.eu/martinova-bouda","Martinova bouda","Krkonose.eu","neuvedeno","oficiální destinační web","stabilní","A","","2026-07-22"
"FACT-0098","HUT-0005","neuvedeno","Martinova bouda","aktivní chata","gps","gps","50.7721147, 15.5753078","https://www.krkonose.eu/martinova-bouda","Martinova bouda","Krkonose.eu","neuvedeno","oficiální destinační web","stabilní","A","","2026-07-22"
"FACT-0099","HUT-0005","neuvedeno","Martinova bouda","aktivní chata","kontakt","telefon","+420 499 422 235","https://www.krkonose.eu/martinova-bouda","Martinova bouda","Krkonose.eu","neuvedeno","oficiální destinační web","stabilní","A","","2026-07-22"
"FACT-0100","HUT-0005","neuvedeno","Martinova bouda","aktivní chata","historie","rok_vzniku","Krkonose.eu uvádí rok 1795 a zakladatele Martina Erlebacha.","https://www.krkonose.eu/martinova-bouda","Martinova bouda","Krkonose.eu","neuvedeno","oficiální destinační web","stabilní","A","","2026-07-22"
"FACT-0101","HUT-0005","neuvedeno","Martinova bouda","aktivní chata","historie","rok_vzniku","Seznam Zprávy rozebírají často uváděný rok 1642, ale upozorňují, že objekt chybí na Grauparově mapě z roku 1765; rok vzniku je tedy sporný.","https://www.seznamzpravy.cz/clanek/magazin-historie-martinova-bouda-krkonose-historie-majitel-285930","Martinovka si zahrála ve filmu Sněženky a machři. Zdejší kamna jsou unikátní","Seznam Zprávy","2025-09-14","redakční článek","sporné / rozpor","C","","2026-07-22"
"FACT-0102","HUT-0005","neuvedeno","Martinova bouda","aktivní chata","osobnosti","zajimavost","Martina Navrátilová zde strávila část raného dětství, učila se lyžovat a podle zdrojů byla po boudě pojmenována.","https://www.seznamzpravy.cz/clanek/magazin-historie-martinova-bouda-krkonose-historie-majitel-285930","Martinovka si zahrála ve filmu Sněženky a machři. Zdejší kamna jsou unikátní","Seznam Zprávy","2025-09-14","redakční článek","stabilní","B","","2026-07-22"
"FACT-0103","HUT-0005","neuvedeno","Martinova bouda","aktivní chata","film","zajimavost","Bouda se objevila ve filmech Jak vytrhnout velrybě stoličku a Sněženky a machři.","https://www.krkonose.eu/martinova-bouda","Martinova bouda","Krkonose.eu","neuvedeno","oficiální destinační web","stabilní","A","","2026-07-22"
"FACT-0104","HUT-0005","neuvedeno","Martinova bouda","aktivní chata","stavba","historické_milniky","V 50. letech 20. století bylo podle článku přistavěno další podlaží.","https://www.seznamzpravy.cz/clanek/magazin-historie-martinova-bouda-krkonose-historie-majitel-285930","Martinovka si zahrála ve filmu Sněženky a machři. Zdejší kamna jsou unikátní","Seznam Zprávy","2025-09-14","redakční článek","stabilní","B","","2026-07-22"
"FACT-0105","HUT-0011","neuvedeno","Bouda u Bílého Labe","aktivní chata","výška","nadmorska_vyska","1000 m n. m.","https://www.krkonose.eu/bouda-u-bileho-labe","Bouda u Bílého Labe","Krkonose.eu","neuvedeno","oficiální destinační web","stabilní","A","","2026-07-22"
"FACT-0106","HUT-0011","neuvedeno","Bouda u Bílého Labe","aktivní chata","historie","rok_vzniku","Václav Hollman založil jednoduchou boudu roku 1913 jako občerstvovací místo na cestě proti toku Bílého Labe.","https://www.krkonose.eu/bouda-u-bileho-labe","Bouda u Bílého Labe","Krkonose.eu","neuvedeno","oficiální destinační web","stabilní","A","","2026-07-22"
"FACT-0107","HUT-0011","neuvedeno","Bouda u Bílého Labe","aktivní chata","historie","historicky_kontext","Vznik turistického místa souvisel s úpravami koryta po velké povodni na konci 19. století a s růstem návštěvnosti údolí.","https://www.krkonose.eu/bouda-u-bileho-labe","Bouda u Bílého Labe","Krkonose.eu","neuvedeno","oficiální destinační web","stabilní","A","","2026-07-22"
"FACT-0108","HUT-0011","neuvedeno","Bouda u Bílého Labe","aktivní chata","kapacita","kapacita_luzek","28 lůžek.","https://www.krkonose.eu/bouda-u-bileho-labe","Bouda u Bílého Labe","Krkonose.eu","neuvedeno","oficiální destinační web","stabilní","A","","2026-07-22"
"FACT-0109","HUT-0011","neuvedeno","Bouda u Bílého Labe","aktivní chata","gps","gps","50.7409453, 15.6476136","https://www.krkonose.eu/bouda-u-bileho-labe","Bouda u Bílého Labe","Krkonose.eu","neuvedeno","oficiální destinační web","stabilní","A","","2026-07-22"
"FACT-0110","HUT-0011","neuvedeno","Bouda u Bílého Labe","aktivní chata","kontakt","telefon","+420 725 841 666","https://www.krkonose.eu/bouda-u-bileho-labe","Bouda u Bílého Labe","Krkonose.eu","neuvedeno","oficiální destinační web","stabilní","A","","2026-07-22"
"FACT-0111","HUT-0030","neuvedeno","Lysečinská bouda","aktivní chata","výška","nadmorska_vyska","1000 m n. m.","https://www.krkonose.eu/lysecinska-bouda","Lysečinská bouda","Krkonose.eu","neuvedeno","oficiální destinační web","stabilní","A","","2026-07-22"
"FACT-0112","HUT-0030","neuvedeno","Lysečinská bouda","aktivní chata","historie","rok_vzniku","1926","https://www.krkonose.eu/lysecinska-bouda","Lysečinská bouda","Krkonose.eu","neuvedeno","oficiální destinační web","stabilní","A","","2026-07-22"
"FACT-0113","HUT-0030","neuvedeno","Lysečinská bouda","aktivní chata","historie","historicky_kontext","Okolím vedla stará kupecká stezka mezi Maršovem, Albeřicemi a Pomezními Boudami.","https://www.krkonose.eu/lysecinska-bouda","Lysečinská bouda","Krkonose.eu","neuvedeno","oficiální destinační web","stabilní","A","","2026-07-22"
"FACT-0114","HUT-0030","neuvedeno","Lysečinská bouda","aktivní chata","tradice","zajimavost","Místní tradice spojuje stezku s cestou budoucího císaře Josefa II. roku 1779 a se studánkou Kaiserborn; jde o tradované tvrzení.","https://www.krkonose.eu/lysecinska-bouda","Lysečinská bouda","Krkonose.eu","neuvedeno","oficiální destinační web","tvrzení tradice","C","","2026-07-22"
"FACT-0115","HUT-0030","neuvedeno","Lysečinská bouda","aktivní chata","gastro","zajimavost","Oficiální profil uvádí vlastní pivo Karlův Jelen.","https://www.krkonose.eu/lysecinska-bouda","Lysečinská bouda","Krkonose.eu","neuvedeno","oficiální destinační web","stabilní","A","","2026-07-22"
"FACT-0116","HUT-0030","neuvedeno","Lysečinská bouda","aktivní chata","gps","gps","50.7127381, 15.8343953","https://www.krkonose.eu/lysecinska-bouda","Lysečinská bouda","Krkonose.eu","neuvedeno","oficiální destinační web","stabilní","A","","2026-07-22"
"FACT-0117","HUT-0030","neuvedeno","Lysečinská bouda","aktivní chata","kontakt","telefon","+420 606 107 700","https://www.krkonose.eu/lysecinska-bouda","Lysečinská bouda","Krkonose.eu","neuvedeno","oficiální destinační web","stabilní","A","","2026-07-22"
"FACT-0118","HUT-0030","neuvedeno","Lysečinská bouda","aktivní chata","kapacita","kapacita_luzek","Kudy z nudy uvádí 45 lůžek; starší/odlišné katalogové zdroje mohou uvádět jinou kapacitu.","https://www.kudyznudy.cz/aktivity/lysicenska-bouda-pohoda-v-srdci-krkonos","Lysečinská bouda – pohoda v srdci Krkonoš","Kudy z nudy","neuvedeno","oficiální turistický portál / profil místa","stabilní","B","","2026-07-22"
"FACT-0119","HUT-0016","neuvedeno","Pomezní bouda / historický hotel na Pomezních Boudách","aktivní chata","architektura","historické_milniky","Seznam Zprávy dokumentují přestavbu přibližně stoletého hotelu na apartmány, kino a kavárnu.","https://www.seznamzpravy.cz/clanek/magazin-architektura-stolety-hotel-na-pomeznich-boudach-prestaveli-na-apartmany-kino-a-kavarnu-295801","Stoletý hotel na Pomezních Boudách přestavěli na apartmány, kino a kavárnu","Seznam Zprávy","2026-01-13","redakční článek","aktuální stav k datu článku","B","","2026-07-22"
"FACT-0120","neuvedeno","neuvedeno","Pivovar Trautenberk","aktivní chata","historické názvy","nazvy_historicke","Objekt je na destinačním webu spojován s někdejší Tippeltovou boudou a pozdějším hotelem Družba.","https://www.krkonose.eu/pivovar-trautenberk-0","Pivovar Trautenberk","Krkonose.eu","neuvedeno","oficiální destinační web","stabilní","A","","2026-07-22"
"FACT-0121","neuvedeno","neuvedeno","Pivovar Trautenberk","aktivní chata","historie","zajimavost","Krkonose.eu uvádí tvrzení, že šlo o první objekt v Malé Úpě vybavený elektřinou; superlativ je nutné citovat jako tvrzení zdroje.","https://www.krkonose.eu/pivovar-trautenberk-0","Pivovar Trautenberk","Krkonose.eu","neuvedeno","oficiální destinační web","tvrzení zdroje","B","","2026-07-22"
"FACT-0122","neuvedeno","neuvedeno","Pivovar Trautenberk","aktivní chata","výška","nadmorska_vyska","1045 m n. m.","https://www.krkonose.eu/pivovar-trautenberk-0","Pivovar Trautenberk","Krkonose.eu","neuvedeno","oficiální destinační web","stabilní","A","","2026-07-22"
"FACT-0123","neuvedeno","neuvedeno","Pivovar Trautenberk","aktivní chata","kapacita","kapacita_luzek","139 lůžek.","https://www.krkonose.eu/pivovar-trautenberk-0","Pivovar Trautenberk","Krkonose.eu","neuvedeno","oficiální destinační web","dynamické – ověřit před publikací","A","","2026-07-22"
"FACT-0124","neuvedeno","neuvedeno","Penzion Andula","aktivní chata","gastro","zajimavost","Profil zmiňuje restauraci, bistro a minipivovar Fries využívající český slad, chmel a místní pramenitou vodu.","https://www.krkonose.eu/penzion-andula-0","Penzion Andula","Krkonose.eu","neuvedeno","oficiální destinační web","dynamické – ověřit před publikací","A","","2026-07-22"
"FACT-0125","HUT-0218","neuvedeno","Samotnia","aktivní chata","výška","nadmorska_vyska","1200 m n. m.","https://www.krkonose.eu/en/node/2542","Polské Krkonoše","Krkonose.eu","neuvedeno","oficiální destinační web","stabilní","A","","2026-07-22"
"FACT-0126","HUT-0218","neuvedeno","Samotnia","aktivní chata","historie","historické_milniky","První písemné zmínky o stavení u jezera Mały Staw sahají podle destinačního webu do roku 1670.","https://www.krkonose.eu/en/node/2542","Polské Krkonoše","Krkonose.eu","neuvedeno","oficiální destinační web","stabilní","A","","2026-07-22"
"FACT-0127","HUT-0218","neuvedeno","Samotnia","aktivní chata","historie","historické_milniky","Poslední významné rozšíření, které dotvořilo současnou podobu, proběhlo roku 1934.","https://www.krkonose.eu/en/node/2542","Polské Krkonoše","Krkonose.eu","neuvedeno","oficiální destinační web","stabilní","A","","2026-07-22"
"FACT-0128","HUT-0218","neuvedeno","Samotnia","aktivní chata","poloha","pristup","Leží v Karkonoském národním parku na trase mezi Karpaczem a Sněžkou; destinační web uvádí pěší přístup.","https://www.krkonose.eu/en/node/2542","Polské Krkonoše","Krkonose.eu","neuvedeno","oficiální destinační web","stabilní","A","","2026-07-22"
"FACT-0129","HUT-0218","neuvedeno","Samotnia","aktivní chata","kontakt","telefon","+48 75 761 93 76","https://www.krkonose.eu/en/node/2542","Polské Krkonoše","Krkonose.eu","neuvedeno","oficiální destinační web","stabilní","A","","2026-07-22"
"FACT-0130","HUT-0218","neuvedeno","Samotnia","aktivní chata","kontakt","email","schronisko@samotnia.com.pl","https://www.krkonose.eu/en/node/2542","Polské Krkonoše","Krkonose.eu","neuvedeno","oficiální destinační web","stabilní","A","","2026-07-22"
"FACT-0131","neuvedeno","neuvedeno","Hříběcí bouda","aktivní chata","historie","rok_vzniku","Kudy z nudy klade vznik objektu do konce 17. století na staré Slezské cestě.","https://www.kudyznudy.cz/aktuality/pet-vyletu-na-hrebeny-krkonos-za-pribehy-kultovnic","Vydejte se do Krkonoš za příběhy kultovních horských bud","Kudy z nudy","neuvedeno","oficiální turistický portál / redakční text","stabilní","B","","2026-07-22"
"FACT-0132","neuvedeno","neuvedeno","Hříběcí bouda","aktivní chata","osobnosti","zajimavost","Vlasta Burian zde podle článku v 50. letech pobýval téměř rok, pomáhal s hospodářstvím a zotavoval se po osobní krizi.","https://www.kudyznudy.cz/aktuality/pet-vyletu-na-hrebeny-krkonos-za-pribehy-kultovnic","Vydejte se do Krkonoš za příběhy kultovních horských bud","Kudy z nudy","neuvedeno","oficiální turistický portál / redakční text","stabilní","B","","2026-07-22"
"FACT-0133","HUT-0027","neuvedeno","Chalupa Na Rozcestí","aktivní chata","gastro","specialita","Článek uvádí regionální jídla, například kyselo, couračku, houbového kubu, klobásy a borůvkové knedlíky či koláče; nabídka je dynamická.","https://www.kudyznudy.cz/aktuality/pet-vyletu-na-hrebeny-krkonos-za-pribehy-kultovnic","Vydejte se do Krkonoš za příběhy kultovních horských bud","Kudy z nudy","neuvedeno","oficiální turistický portál / redakční text","dynamické – ověřit před publikací","B","","2026-07-22"
"FACT-0134","neuvedeno","neuvedeno","Dvorská bouda","aktivní chata","výška","nadmorska_vyska","1325 m n. m.","https://www.kudyznudy.cz/aktivity/dvorska-bouda-v-krkonosich","Dvorská bouda v Krkonoších","Kudy z nudy","neuvedeno","oficiální turistický portál / profil místa","stabilní","B","","2026-07-22"
"FACT-0135","neuvedeno","neuvedeno","Dvorská bouda","aktivní chata","kapacita","kapacita_luzek","115 lůžek.","https://www.kudyznudy.cz/aktivity/dvorska-bouda-v-krkonosich","Dvorská bouda v Krkonoších","Kudy z nudy","neuvedeno","oficiální turistický portál / profil místa","stabilní","B","","2026-07-22"
"FACT-0136","neuvedeno","neuvedeno","Dvorská bouda","aktivní chata","provoz","provoz","Profil tvrdí celoroční provoz bez pravidelného uzavření; ověřit přímo u provozovatele.","https://www.kudyznudy.cz/aktivity/dvorska-bouda-v-krkonosich","Dvorská bouda v Krkonoších","Kudy z nudy","neuvedeno","oficiální turistický portál / profil místa","dynamické – ověřit před publikací","B","","2026-07-22"
"FACT-0137","neuvedeno","neuvedeno","Dvorská bouda","aktivní chata","historie","rok_vzniku","1707","https://www.kudyznudy.cz/aktivity/dvorska-bouda-v-krkonosich","Dvorská bouda v Krkonoších","Kudy z nudy","neuvedeno","oficiální turistický portál / profil místa","stabilní","B","","2026-07-22"
"FACT-0138","neuvedeno","neuvedeno","Dvorská bouda","aktivní chata","historie","historické_milniky","Do druhé poloviny 19. století sloužila především k chovu dobytka; od 20. let 20. století se přizpůsobovala turistice.","https://www.kudyznudy.cz/aktivity/dvorska-bouda-v-krkonosich","Dvorská bouda v Krkonoších","Kudy z nudy","neuvedeno","oficiální turistický portál / profil místa","stabilní","B","","2026-07-22"
"FACT-0139","neuvedeno","neuvedeno","Dvorská bouda","aktivní chata","vlastníci","vlastnici_historicti","Rod Adolfů vlastnil boudu do roku 1945.","https://www.kudyznudy.cz/aktivity/dvorska-bouda-v-krkonosich","Dvorská bouda v Krkonoších","Kudy z nudy","neuvedeno","oficiální turistický portál / profil místa","stabilní","B","","2026-07-22"
"FACT-0140","neuvedeno","neuvedeno","Dvorská bouda","aktivní chata","služby","zajimavost","Profil uvádí možnost stanování a dobíjení elektrokol.","https://www.kudyznudy.cz/aktivity/dvorska-bouda-v-krkonosich","Dvorská bouda v Krkonoších","Kudy z nudy","neuvedeno","oficiální turistický portál / profil místa","dynamické – ověřit před publikací","B","","2026-07-22"
"FACT-0141","neuvedeno","neuvedeno","Dvorská bouda","aktivní chata","doprava","pristup","Zimní přeprava hostů je popisována rolbou nebo skútrem ze Strážného-Lomu; letní vjezd vyžaduje povolení. Ceny a časy jsou dynamické.","https://www.kudyznudy.cz/aktivity/dvorska-bouda-v-krkonosich","Dvorská bouda v Krkonoších","Kudy z nudy","neuvedeno","oficiální turistický portál / profil místa","dynamické – ověřit před publikací","B","","2026-07-22"
"FACT-0142","HUT-0028","neuvedeno","Richtrovy boudy","aktivní chata","stav","stav","Areál tvoří Richtrova a Červená bouda; Kudy z nudy uvádí vlastnictví Policejního prezidia a nepřístupnost veřejnosti.","https://www.kudyznudy.cz/aktivity/rychtrovy-boudy-v-peci-pod-snezkou","Richtrovy boudy v Peci pod Sněžkou","Kudy z nudy","neuvedeno","oficiální turistický portál / profil místa","dynamické – ověřit před publikací","B","","2026-07-22"
"FACT-0143","HUT-0010","neuvedeno","Petrova bouda","aktivní chata","historie","historické_milniky","První zmínka je podle profilu z roku 1790, kdy zde stála letní bouda.","https://www.kudyznudy.cz/aktivity/petrova-bouda-ve-spindlerove-mlyne","Petrova bouda ve Špindlerově Mlýně","Kudy z nudy","neuvedeno","oficiální turistický portál / profil místa","stabilní","B","","2026-07-22"
"FACT-0144","HUT-0010","neuvedeno","Petrova bouda","aktivní chata","požár","historické_milniky","Historická Petrova bouda vyhořela 31. července 2011; na místě následně vznikla nová Petrovka.","https://www.kudyznudy.cz/aktivity/petrova-bouda-ve-spindlerove-mlyne","Petrova bouda ve Špindlerově Mlýně","Kudy z nudy","neuvedeno","oficiální turistický portál / profil místa","stabilní","B","Nezařazovat jako zaniklou lokalitu: provoz chaty byl obnoven novou stavbou.","2026-07-22"
"FACT-0145","HUT-0008","neuvedeno","Erlebachova bouda","aktivní chata","výška","nadmorska_vyska","1150 m n. m.","https://www.kudyznudy.cz/aktivity/erlebachova-bouda-v-krkonosich","Erlebachova bouda v Krkonoších – Resort Sv. František","Kudy z nudy","neuvedeno","oficiální turistický portál / profil místa","stabilní","B","","2026-07-22"
"FACT-0146","HUT-0008","neuvedeno","Erlebachova bouda","aktivní chata","doprava","pristup","Profil uvádí polohu asi šest kilometrů od centra Špindlerova Mlýna a možnost příjezdu autem; podmínky vjezdu ověřit.","https://www.kudyznudy.cz/aktivity/erlebachova-bouda-v-krkonosich","Erlebachova bouda v Krkonoších – Resort Sv. František","Kudy z nudy","neuvedeno","oficiální turistický portál / profil místa","dynamické – ověřit před publikací","B","","2026-07-22"
"FACT-0147","HUT-0024","neuvedeno","Hrnčířské boudy","aktivní chata","poloha","oblast_cast","Osada horských bud leží v centrálních Krkonoších nad Černým Dolem a Pecí pod Sněžkou.","https://www.kudyznudy.cz/aktivity/hrncirske-boudy-v-krkonosich","Hrnčířské boudy v Krkonoších","Kudy z nudy","neuvedeno","oficiální turistický portál / profil místa","stabilní","B","","2026-07-22"
"FACT-0148","neuvedeno","neuvedeno","Pustevny – Maměnka a Libušín","aktivní chata","historie","rok_otevreni","Maměnka a Libušín byly otevřeny roku 1899; areál byl roku 1995 prohlášen národní kulturní památkou.","https://www.seznamzpravy.cz/clanek/magazin-cestovani-horske-chaty-beskydy-268613","Nejen Pustevny. Znáte příběhy 10 proslulých horských chat v Beskydech?","Seznam Zprávy","2025-01-26","redakční článek","stabilní","B","","2026-07-22"
"FACT-0149","neuvedeno","neuvedeno","Pustevny – Libušín","aktivní chata","požár","historické_milniky","Libušín těžce poškodil požár v březnu 2014 a po rekonstrukci byl znovu otevřen v červnu 2020.","https://www.seznamzpravy.cz/clanek/magazin-cestovani-horske-chaty-beskydy-268613","Nejen Pustevny. Znáte příběhy 10 proslulých horských chat v Beskydech?","Seznam Zprávy","2025-01-26","redakční článek","stabilní","B","","2026-07-22"
"FACT-0150","neuvedeno","neuvedeno","Horský hotel Radegast","aktivní chata","historie","rok_vzniku","Budova vznikla v letech 1933–1935 podle článku zásluhou Františka Holčáka.","https://www.seznamzpravy.cz/clanek/magazin-cestovani-horske-chaty-beskydy-268613","Nejen Pustevny. Znáte příběhy 10 proslulých horských chat v Beskydech?","Seznam Zprávy","2025-01-26","redakční článek","stabilní","B","","2026-07-22"
"FACT-0151","neuvedeno","neuvedeno","Horský hotel Radegast","aktivní chata","kapacita","kapacita_luzek","13 pokojů a celkem 55 lůžek.","https://www.seznamzpravy.cz/clanek/magazin-cestovani-horske-chaty-beskydy-268613","Nejen Pustevny. Znáte příběhy 10 proslulých horských chat v Beskydech?","Seznam Zprávy","2025-01-26","redakční článek","stabilní","B","","2026-07-22"
"FACT-0152","HUT-0073","neuvedeno","Bezručova chata na Lysé hoře","aktivní chata","historie","historické_milniky","Původní chata byla otevřena roku 1935, vyhořela 11. března 1978 a obnovená chata byla otevřena 25. listopadu 2015.","https://www.seznamzpravy.cz/clanek/magazin-cestovani-horske-chaty-beskydy-268613","Nejen Pustevny. Znáte příběhy 10 proslulých horských chat v Beskydech?","Seznam Zprávy","2025-01-26","redakční článek","stabilní","B","","2026-07-22"
"FACT-0153","HUT-0082","neuvedeno","Horská chata Skalka","aktivní chata","historie","rok_vzniku","Postavil ji roku 1928 německý turistický spolek Beskidenverein; výstavba měla trvat tři měsíce.","https://www.seznamzpravy.cz/clanek/magazin-cestovani-horske-chaty-beskydy-268613","Nejen Pustevny. Znáte příběhy 10 proslulých horských chat v Beskydech?","Seznam Zprávy","2025-01-26","redakční článek","stabilní","B","","2026-07-22"
"FACT-0154","HUT-0082","neuvedeno","Horská chata Skalka","aktivní chata","požár","historické_milniky","Chata vyhořela 7. ledna 1998 a byla obnovena dobrovolnickým úsilím.","https://www.seznamzpravy.cz/clanek/magazin-cestovani-horske-chaty-beskydy-268613","Nejen Pustevny. Znáte příběhy 10 proslulých horských chat v Beskydech?","Seznam Zprávy","2025-01-26","redakční článek","stabilní","B","","2026-07-22"
"FACT-0155","neuvedeno","neuvedeno","Chata Velký Javorník","aktivní chata","historie","historické_milniky","První turistická chata z roku 1897 vyhořela roku 1915; současnější chata byla dokončena v srpnu 1935.","https://www.seznamzpravy.cz/clanek/magazin-cestovani-horske-chaty-beskydy-268613","Nejen Pustevny. Znáte příběhy 10 proslulých horských chat v Beskydech?","Seznam Zprávy","2025-01-26","redakční článek","stabilní","B","","2026-07-22"
"FACT-0156","HUT-0059","neuvedeno","Švýcárna","aktivní chata","výška","nadmorska_vyska","1304 m n. m.","https://www.seznamzpravy.cz/clanek/magazin-cestovani-chaty-jeseniky-264151","Útulny ve stínu Pradědu: Znáte 8 tradičních horských chat v Jeseníkách?","Seznam Zprávy","2024-12-23","redakční článek","stabilní","B","","2026-07-22"
"FACT-0157","HUT-0059","neuvedeno","Švýcárna","aktivní chata","historie","rok_vzniku","Současná srubová chata byla postavena roku 1887; její předchůdce vznikl přeměnou pastevecké salaše.","https://www.seznamzpravy.cz/clanek/magazin-cestovani-chaty-jeseniky-264151","Útulny ve stínu Pradědu: Znáte 8 tradičních horských chat v Jeseníkách?","Seznam Zprávy","2024-12-23","redakční článek","stabilní","B","","2026-07-22"
"FACT-0158","HUT-0059","neuvedeno","Švýcárna","aktivní chata","kapacita","kapacita_luzek","48 lůžek.","https://www.seznamzpravy.cz/clanek/magazin-cestovani-chaty-jeseniky-264151","Útulny ve stínu Pradědu: Znáte 8 tradičních horských chat v Jeseníkách?","Seznam Zprávy","2024-12-23","redakční článek","stabilní","B","","2026-07-22"
"FACT-0159","HUT-0032","neuvedeno","Horská chata Smědava","aktivní chata","historie","rok_vzniku_stare_stavby","1935","https://www.seznamzpravy.cz/clanek/v-jizerskych-horach-zacala-demolice-horske-chaty-na-smedave-176576","V Jizerských horách začala demolice horské chaty na Smědavě","Seznam Zprávy","2021-10-06","agenturní zpráva ČTK","stabilní","B","","2026-07-22"
"FACT-0160","HUT-0032","neuvedeno","Horská chata Smědava","aktivní chata","zánik stavby","historické_milniky","Demolice staré chaty začala v říjnu 2021; podle zprávy měla zůstat terasa a objekt měl nahradit nový hotel.","https://www.seznamzpravy.cz/clanek/v-jizerskych-horach-zacala-demolice-horske-chaty-na-smedave-176576","V Jizerských horách začala demolice horské chaty na Smědavě","Seznam Zprávy","2021-10-06","agenturní zpráva ČTK","historický údaj; současný stav ověřit","B","Nejde automaticky o zaniklou turistickou lokalitu; stará budova byla nahrazována novým záměrem.","2026-07-22"
"FACT-0161","HUT-0047","neuvedeno","Masarykova chata na Šerlichu","aktivní chata","zdrojový tip","dalsi_zdroj","Regionální přehled Seznam Zpráv obsahuje samostatnou kapitolu o této chatě a je vhodný k následnému detailnímu vytěžení.","https://www.seznamzpravy.cz/clanek/magazin-cestovani-horske-chaty-orlicke-hory-268014","Kramářova či Masarykova. Znáte 7 tradičních horských chat v Orlických horách?","Seznam Zprávy","2025-01-16","redakční článek","zdrojový tip","B","","2026-07-22"
"FACT-0162","HUT-0101","neuvedeno","Klostermannova chata","aktivní chata","zdrojový tip","dalsi_zdroj","Regionální přehled Seznam Zpráv obsahuje samostatnou kapitolu o Klostermannově chatě a upozorňuje na její památkovou ochranu a rekonstrukci na přelomu tisíciletí.","https://www.seznamzpravy.cz/clanek/magazin-cestovani-sumava-horske-chaty-265243","Poznejte šumavské legendy: 7 nejznámějších chat v horách jihozápadních Čech","Seznam Zprávy","2024-11-27","redakční článek","stabilní","B","","2026-07-22"
"FACT-0163","neuvedeno","neuvedeno","Rezervační systém KČT NOCLEH","projekt / služba","funkce webu","inspirace_pro_web","Rezervační systém KČT pracuje s mapou a s plánováním etap kolem 20–25 km.","https://casopisturista.cz/vydejte-se-na-cesty-a-nocleh-nechte-na-nas-co-nabizi-rezervacni-system-kct/","Vydejte se na cesty a nocleh nechte na nás: Co nabízí rezervační systém KČT","Časopis Turista","2024-10-06","časopis KČT","dynamické – funkce ověřit před implementací","B","","2026-07-22"
"FACT-0164","neuvedeno","neuvedeno","Rezervační systém KČT NOCLEH","projekt / služba","funkce webu","inspirace_pro_web","Uživatel může hromadně poptat noclehy na více chatách a podle článku správci odpovídají zpravidla do 48 hodin.","https://casopisturista.cz/vydejte-se-na-cesty-a-nocleh-nechte-na-nas-co-nabizi-rezervacni-system-kct/","Vydejte se na cesty a nocleh nechte na nás: Co nabízí rezervační systém KČT","Časopis Turista","2024-10-06","časopis KČT","dynamické – funkce ověřit před implementací","B","","2026-07-22"
"FACT-0165","neuvedeno","neuvedeno","Rezervační systém KČT NOCLEH","projekt / služba","funkce webu","inspirace_pro_web","Systém nabízí alternativy, když požadovaná chata nemá kapacitu; tento princip je využitelný pro plánování přechodů od chaty k chatě.","https://casopisturista.cz/vydejte-se-na-cesty-a-nocleh-nechte-na-nas-co-nabizi-rezervacni-system-kct/","Vydejte se na cesty a nocleh nechte na nás: Co nabízí rezervační systém KČT","Časopis Turista","2024-10-06","časopis KČT","dynamické – funkce ověřit před implementací","B","","2026-07-22"
