ID chaty,Název chaty,Země,Pohoří,Systém,Číslo / kód,Oficiální název,Detail URL,Stav,Typ shody,Jistota,Poznámka,Ověřeno k
HUT-0001,Luční bouda,Česko,Krkonoše,Turistické vizitky / Wander Card,CZ-411,Luční bouda,https://cs.wander-book.com/lucni-bouda-m211.htm,vyřazena z projektu v roce 2025; e-shop do vyprodání zásob,přímá shoda objektu,A,neuvedeno,2026-07-22
HUT-0001,Luční bouda,Česko,Krkonoše,Turistické známky,11,Luční bouda,https://www.turisticke-znamky.cz/znamky/lucni-bouda-c11,vedeno v oficiálním seznamu,přímá shoda objektu,A,neuvedeno,2026-07-22
HUT-0002,Labská bouda,Česko,Krkonoše,Turistické vizitky / Wander Card,CZ-1223,Labská bouda,https://cs.wander-book.com/labska-bouda-m224.htm,aktivní v katalogu Wander Book,přímá shoda objektu,A,neuvedeno,2026-07-22
HUT-0002,Labská bouda,Česko,Krkonoše,Turistické známky,74,Labská bouda,https://www.turisticke-znamky.cz/znamky/labska-bouda-c74,vedeno v oficiálním seznamu,přímá shoda objektu,A,neuvedeno,2026-07-22
HUT-0003,Chata Výrovka,Česko,Krkonoše,Turistické vizitky / Wander Card,CZ-359,Chata Výrovka,https://cs.wander-book.com/chata-vyrovka-m624.htm,aktivní v katalogu Wander Book,přímá shoda objektu,A,neuvedeno,2026-07-22
HUT-0003,Chata Výrovka,Česko,Krkonoše,Turistické známky,12,Chata Výrovka,https://www.turisticke-znamky.cz/znamky/chata-vyrovka-c12,vedeno v oficiálním seznamu,přímá shoda objektu,A,neuvedeno,2026-07-22
HUT-0004,Vosecká bouda,Česko,Krkonoše,Turistické vizitky / Wander Card,CZ-2065,Vosecká bouda,https://cs.wander-book.com/vosecka-bouda-m233.htm,aktivní v katalogu Wander Book,přímá shoda objektu,A,neuvedeno,2026-07-22
HUT-0004,Vosecká bouda,Česko,Krkonoše,Turistické známky,24,Vosecká bouda,https://www.turisticke-znamky.cz/znamky/vosecka-bouda-c24,vedeno v oficiálním seznamu,přímá shoda objektu,A,neuvedeno,2026-07-22
HUT-0005,Martinova bouda,Česko,Krkonoše,Turistické vizitky / Wander Card,CZ-2141,Martinova bouda,https://cs.wander-book.com/martinova-bouda-m1034.htm,aktivní v katalogu Wander Book,přímá shoda objektu,A,neuvedeno,2026-07-22
HUT-0005,Martinova bouda,Česko,Krkonoše,Turistické známky,674,Martinova bouda,https://www.turisticke-znamky.cz/znamky/martinova-bouda-c674,vedeno v oficiálním seznamu,přímá shoda objektu,A,neuvedeno,2026-07-22
HUT-0006,Brádlerovy boudy,Česko,Krkonoše,Turistické vizitky / Wander Card,CZ-2144,Brádlerovy boudy,https://cs.wander-book.com/bradlerovy-boudy-m862.htm,aktivní v katalogu Wander Book,přímá shoda objektu,A,neuvedeno,2026-07-22
HUT-0006,Brádlerovy boudy,Česko,Krkonoše,Turistické známky,394,Brádlerovy boudy,https://www.turisticke-znamky.cz/znamky/bradlerovy-boudy-c394,vedeno v oficiálním seznamu,přímá shoda objektu,A,neuvedeno,2026-07-22
HUT-0007,Špindlerova bouda,Česko,Krkonoše,Turistické vizitky / Wander Card,CZ-2340,Špindlerova bouda,https://cs.wander-book.com/spindlerova-bouda-m1631.htm,aktivní v katalogu Wander Book,přímá shoda objektu,A,neuvedeno,2026-07-22
HUT-0007,Špindlerova bouda,Česko,Krkonoše,Turistické známky,1889,"Špindlerova bouda, Krkonoše",https://www.turisticke-znamky.cz/znamky/spindlerova-bouda-krkonose-c1889,vedeno v oficiálním seznamu,přímá shoda objektu,A,neuvedeno,2026-07-22
HUT-0008,Erlebachova bouda,Česko,Krkonoše,Turistické vizitky / Wander Card,CZ-2933,Erlebachova bouda,https://cs.wander-book.com/erlebachova-bouda-m3917.htm,aktivní v katalogu Wander Book,přímá shoda objektu,A,neuvedeno,2026-07-22
HUT-0009,Moravská bouda,Česko,Krkonoše,Turistické vizitky / Wander Card,CZ-2573,Moravská bouda,https://cs.wander-book.com/moravska-bouda-m5620.htm,aktivní v katalogu Wander Book,přímá shoda objektu,A,neuvedeno,2026-07-22
HUT-0009,Moravská bouda,Česko,Krkonoše,Turistické známky,1873,Moravská Bouda - Krkonoše,https://www.turisticke-znamky.cz/znamky/moravska-bouda-krkonose-c1873,vedeno v oficiálním seznamu,přímá shoda objektu,A,neuvedeno,2026-07-22
HUT-0012,Dvoračky,Česko,Krkonoše,Turistické vizitky / Wander Card,CZ-409,Chata Dvoračky,https://cs.wander-book.com/chata-dvoracky-m216.htm,aktivní v katalogu Wander Book,přímá shoda objektu,A,neuvedeno,2026-07-22
HUT-0014,Rýchorská bouda,Česko,Krkonoše,Turistické vizitky / Wander Card,CZ-458,Rýchorská bouda,https://cs.wander-book.com/rychorska-bouda-m859.htm,aktivní v katalogu Wander Book,přímá shoda objektu,A,neuvedeno,2026-07-22
HUT-0014,Rýchorská bouda,Česko,Krkonoše,Turistické známky,390,Rýchorská bouda,https://www.turisticke-znamky.cz/znamky/rychorska-bouda-c390,vedeno v oficiálním seznamu,přímá shoda objektu,A,neuvedeno,2026-07-22
HUT-0015,Bouda Jelenka,Česko,Krkonoše,Turistické vizitky / Wander Card,CZ-410,Bouda Jelenka,https://cs.wander-book.com/bouda-jelenka-m1415.htm,aktivní v katalogu Wander Book,přímá shoda objektu,A,neuvedeno,2026-07-22
HUT-0015,Bouda Jelenka,Česko,Krkonoše,Turistické známky,1367,Horská bouda Jelenka,https://www.turisticke-znamky.cz/znamky/horska-bouda-jelenka-c1367,vedeno v oficiálním seznamu,přímá shoda objektu,A,neuvedeno,2026-07-22
HUT-0016,Pomezní bouda,Česko,Krkonoše,Turistické vizitky / Wander Card,CZ-1208,Pomezní bouda,https://cs.wander-book.com/pomezni-bouda-m3094.htm,aktivní v katalogu Wander Book,přímá shoda objektu,A,neuvedeno,2026-07-22
HUT-0016,Pomezní bouda,Česko,Krkonoše,Turistické známky,673,Pomezní boudy,https://www.turisticke-znamky.cz/znamky/pomezni-boudy-c673,vedeno v oficiálním seznamu,shoda objektu / lokality,B,Oficiální známka je vedena v množném čísle jako lokalita Pomezní boudy.,2026-07-22
HUT-0017,Portášky,Česko,Krkonoše,Turistické známky,675,Portášky,https://www.turisticke-znamky.cz/znamky/portasky-c675,vedeno v oficiálním seznamu,přímá shoda objektu,A,neuvedeno,2026-07-22
HUT-0018,Růžohorky,Česko,Krkonoše,Turistické vizitky / Wander Card,CZ-2246,Horská bouda Růžohorky,https://cs.wander-book.com/horska-bouda-ruzohorky-m672.htm,aktivní v katalogu Wander Book,přímá shoda objektu,A,neuvedeno,2026-07-22
HUT-0018,Růžohorky,Česko,Krkonoše,Turistické známky,75,Růžohorky,https://www.turisticke-znamky.cz/znamky/ruzohorky-c75,vedeno v oficiálním seznamu,přímá shoda objektu,A,neuvedeno,2026-07-22
HUT-0019,Lesní bouda,Česko,Krkonoše,Turistické vizitky / Wander Card,CZ-1632,Lesní bouda,https://cs.wander-book.com/lesni-bouda-m2635.htm,aktivní v katalogu Wander Book,přímá shoda objektu,A,neuvedeno,2026-07-22
HUT-0020,Lyžařská bouda,Česko,Krkonoše,Turistické vizitky / Wander Card,CZ-3522,Lyžařská bouda,https://cs.wander-book.com/lyzarska-bouda-m2637.htm,aktivní v katalogu Wander Book,přímá shoda objektu,A,neuvedeno,2026-07-22
HUT-0021,Pražská bouda,Česko,Krkonoše,Turistické vizitky / Wander Card,CZ-5981,Pražská bouda,https://cs.wander-book.com/prazska-bouda-m9515.htm,aktivní v katalogu Wander Book,přímá shoda objektu,A,neuvedeno,2026-07-22
HUT-0022,Kolínská bouda,Česko,Krkonoše,Turistické vizitky / Wander Card,CZ-2097,Kolínská bouda,https://cs.wander-book.com/kolinska-bouda-m2636.htm,aktivní v katalogu Wander Book,přímá shoda objektu,A,neuvedeno,2026-07-22
HUT-0022,Kolínská bouda,Česko,Krkonoše,Turistické známky,1719,Kolínská bouda – Pec pod Sněžkou,https://www.turisticke-znamky.cz/znamky/kolinska-bouda-pec-pod-snezkou-c1719,vedeno v oficiálním seznamu,přímá shoda objektu,A,neuvedeno,2026-07-22
HUT-0025,Friesovy boudy,Česko,Krkonoše,Turistické vizitky / Wander Card,CZ-2529,Friesovy boudy,https://cs.wander-book.com/friesovy-boudy-m4552.htm,aktivní v katalogu Wander Book,přímá shoda objektu,A,neuvedeno,2026-07-22
HUT-0027,Chalupa Na Rozcestí,Česko,Krkonoše,Turistické vizitky / Wander Card,CZ-2459,Chalupa Na Rozcestí,https://cs.wander-book.com/chalupa-na-rozcesti-m625.htm,aktivní v katalogu Wander Book,přímá shoda objektu,A,neuvedeno,2026-07-22
HUT-0027,Chalupa Na Rozcestí,Česko,Krkonoše,Turistické známky,13,Chalupa Na Rozcestí,https://www.turisticke-znamky.cz/znamky/chalupa-na-rozcesti-c13,vedeno v oficiálním seznamu,přímá shoda objektu,A,neuvedeno,2026-07-22
HUT-0028,Richtrovy boudy,Česko,Krkonoše,Turistické vizitky / Wander Card,CZ-2524,Richtrovy boudy,https://cs.wander-book.com/richtrovy-boudy-m2770.htm,vyřazena z projektu v roce 2022,přímá shoda objektu,A,neuvedeno,2026-07-22
HUT-0028,Richtrovy boudy,Česko,Krkonoše,Turistické známky,1602,Richtrovy boudy,https://www.turisticke-znamky.cz/znamky/richtrovy-boudy-c1602,vedeno v oficiálním seznamu,přímá shoda objektu,A,neuvedeno,2026-07-22
HUT-0030,Lysečinská bouda,Česko,Krkonoše,Turistické známky,1336,"Lysečinská bouda, Krkonoše",https://www.turisticke-znamky.cz/znamky/lysecinska-bouda-krkonose-c1336,vedeno v oficiálním seznamu,přímá shoda objektu,A,neuvedeno,2026-07-22
HUT-0031,Šámalova chata,Česko,Jizerské hory,Turistické vizitky / Wander Card,CZ-2,Šámalova chata,https://cs.wander-book.com/samalova-chata-m198.htm,aktivní v katalogu Wander Book,přímá shoda objektu,A,neuvedeno,2026-07-22
HUT-0031,Šámalova chata,Česko,Jizerské hory,Turistické známky,38,Šámalova chata,https://www.turisticke-znamky.cz/znamky/samalova-chata-c38,vedeno v oficiálním seznamu,přímá shoda objektu,A,neuvedeno,2026-07-22
HUT-0032,Horská chata Smědava,Česko,Jizerské hory,Turistické vizitky / Wander Card,CZ-8,Smědava,https://cs.wander-book.com/smedava-m192.htm,aktivní v katalogu Wander Book,sdílená nebo lokalitní shoda,B,Vizitka je vedena názvem lokality/objektu Smědava.,2026-07-22
HUT-0032,Horská chata Smědava,Česko,Jizerské hory,Turistické známky,42,Smědava,https://www.turisticke-znamky.cz/znamky/smedava-c42,vedeno v oficiálním seznamu,shoda objektu / lokality,B,Známka je vedena názvem lokality Smědava; katalogový objekt nese název Horská chata Smědava.,2026-07-22
HUT-0033,Prezidentská chata,Česko,Jizerské hory,Turistické vizitky / Wander Card,CZ-95,Prezidentská chata,https://cs.wander-book.com/prezidentska-chata-m561.htm,aktivní v katalogu Wander Book,přímá shoda objektu,A,neuvedeno,2026-07-22
HUT-0033,Prezidentská chata,Česko,Jizerské hory,Turistické známky,41,Prezidentská chata,https://www.turisticke-znamky.cz/znamky/prezidentska-chata-c41,vedeno v oficiálním seznamu,přímá shoda objektu,A,neuvedeno,2026-07-22
HUT-0034,Královka,Česko,Jizerské hory,Turistické vizitky / Wander Card,CZ-3068,Chata Královka,https://cs.wander-book.com/chata-kralovka-m7816.htm,aktivní v katalogu Wander Book,přímá shoda objektu,A,neuvedeno,2026-07-22
HUT-0034,Královka,Česko,Jizerské hory,Turistické známky,36,Královka,https://www.turisticke-znamky.cz/znamky/kralovka-c36,vedeno v oficiálním seznamu,shoda objektu / lokality,B,"Známka reprezentuje areál Královka, jehož součástí je katalogový objekt.",2026-07-22
HUT-0035,Hřebínek,Česko,Jizerské hory,Turistické vizitky / Wander Card,CZ-102,Hřebínek,https://cs.wander-book.com/hrebinek-m151.htm,aktivní v katalogu Wander Book,sdílená nebo lokalitní shoda,B,Vizitka reprezentuje lokalitu a občerstvení Hřebínek.,2026-07-22
HUT-0036,Kiosek Knajpa,Česko,Jizerské hory,Turistické vizitky / Wander Card,CZ-22,Horská stanice Knajpa,https://cs.wander-book.com/horska-stanice-knajpa-m162.htm,aktivní v katalogu Wander Book,přímá shoda objektu,A,neuvedeno,2026-07-22
HUT-0041,Hubertka,Česko,Jizerské hory,Turistické vizitky / Wander Card,CZ-1689,Chata Hubertka,https://cs.wander-book.com/chata-hubertka-m3525.htm,aktivní v katalogu Wander Book,přímá shoda objektu,A,neuvedeno,2026-07-22
HUT-0042,Chata Pláně pod Ještědem,Česko,Ještědský hřbet,Turistické známky,39,Pláně pod Ještědem - Ještědský hřbet,https://www.turisticke-znamky.cz/znamky/plane-pod-jestedem-jestedsky-hrbet-c39,vedeno v oficiálním seznamu,shoda objektu / lokality,B,Známka je vedena jako lokalita Pláně pod Ještědem.,2026-07-22
HUT-0047,Masarykova chata na Šerlichu,Česko,Orlické hory,Turistické vizitky / Wander Card,CZ-83,Masarykova chata na Šerlichu,https://cs.wander-book.com/masarykova-chata-na-serlichu-m260.htm,aktivní v katalogu Wander Book,přímá shoda objektu,A,neuvedeno,2026-07-22
HUT-0048,Chata Na Čiháku,Česko,Orlické hory,Turistické vizitky / Wander Card,CZ-3650,Chata Na Čiháku,https://cs.wander-book.com/chata-na-cihaku-m3851.htm,aktivní v katalogu Wander Book,přímá shoda objektu,A,neuvedeno,2026-07-22
HUT-0052,Kramářova chata na Suchém vrchu,Česko,Bukovohorská hornatina,Turistické vizitky / Wander Card,CZ-2183,Kramářova chata,https://cs.wander-book.com/kramarova-chata-m3983.htm,aktivní v katalogu Wander Book,přímá shoda objektu,A,neuvedeno,2026-07-22
HUT-0053,Chata Návrší,Česko,Králický Sněžník,Turistické vizitky / Wander Card,CZ-2343,Horská chata Návrší,https://cs.wander-book.com/horska-chata-navrsi-m1737.htm,aktivní v katalogu Wander Book,přímá shoda objektu,A,neuvedeno,2026-07-22
HUT-0053,Chata Návrší,Česko,Králický Sněžník,Turistické známky,381,Návrší,https://www.turisticke-znamky.cz/znamky/navrsi-c381,vedeno v oficiálním seznamu,přímá shoda objektu,A,neuvedeno,2026-07-22
HUT-0054,Chata Slaměnka,Česko,Králický Sněžník,Turistické vizitky / Wander Card,CZ-3549,Chata Slaměnka,https://cs.wander-book.com/chata-slamenka-m11351.htm,aktivní v katalogu Wander Book,přímá shoda objektu,A,neuvedeno,2026-07-22
HUT-0055,Horská chata Paprsek,Česko,Rychlebské hory,Turistické vizitky / Wander Card,CZ-2059,Horský hotel Paprsek,https://cs.wander-book.com/horsky-hotel-paprsek-m1736.htm,aktivní v katalogu Wander Book,přímá shoda objektu,A,neuvedeno,2026-07-22
HUT-0055,Horská chata Paprsek,Česko,Rychlebské hory,Turistické známky,380,Paprsek,https://www.turisticke-znamky.cz/znamky/paprsek-c380,vedeno v oficiálním seznamu,přímá shoda objektu,A,neuvedeno,2026-07-22
HUT-0056,Chata Jiřího na Šeráku,Česko,Hrubý Jeseník,Turistické vizitky / Wander Card,CZ-871,Chata Jiřího na Šeráku,https://cs.wander-book.com/chata-jiriho-na-seraku-m1698.htm,aktivní v katalogu Wander Book,přímá shoda objektu,A,neuvedeno,2026-07-22
HUT-0059,Švýcárna,Česko,Hrubý Jeseník,Turistické vizitky / Wander Card,CZ-647,Chata Švýcárna,https://cs.wander-book.com/chata-svycarna-m1754.htm,aktivní v katalogu Wander Book,přímá shoda objektu,A,neuvedeno,2026-07-22
HUT-0059,Švýcárna,Česko,Hrubý Jeseník,Turistické známky,8,Švýcárna,https://www.turisticke-znamky.cz/znamky/svycarna-c8,vedeno v oficiálním seznamu,přímá shoda objektu,A,neuvedeno,2026-07-22
HUT-0060,Ovčárna,Česko,Hrubý Jeseník,Turistické vizitky / Wander Card,CZ-1326,Chata Ovčárna,https://cs.wander-book.com/chata-ovcarna-m1768.htm,aktivní v katalogu Wander Book,přímá shoda objektu,A,neuvedeno,2026-07-22
HUT-0060,Ovčárna,Česko,Hrubý Jeseník,Turistické známky,2,Ovčárna,https://www.turisticke-znamky.cz/znamky/ovcarna-c2,vedeno v oficiálním seznamu,shoda objektu / lokality,B,Známka je vedena jako Ovčárna; shoda s horským hotelem/areálem.,2026-07-22
HUT-0065,Chata Sabinka,Česko,Hrubý Jeseník,Turistické vizitky / Wander Card,CZ-1601,Chata Sabinka,https://cs.wander-book.com/chata-sabinka-m3478.htm,aktivní v katalogu Wander Book,přímá shoda objektu,A,neuvedeno,2026-07-22
HUT-0066,Červenohorské sedlo,Česko,Hrubý Jeseník,Turistické známky,5,Červenohorské sedlo,https://www.turisticke-znamky.cz/znamky/cervenohorske-sedlo-c5,vedeno v oficiálním seznamu,shoda objektu / lokality,B,Známka reprezentuje sedlo a horské středisko.,2026-07-22
HUT-0073,Bezručova chata na Lysé hoře,Česko,Moravskoslezské Beskydy,Turistické známky,2274,Bezručova chata,https://www.turisticke-znamky.cz/znamky/bezrucova-chata-c2274,vedeno v oficiálním seznamu,přímá shoda objektu,A,neuvedeno,2026-07-22
HUT-0075,Chata Prašivá,Česko,Moravskoslezské Beskydy,Turistické známky,48,Malá Prašivá,https://www.turisticke-znamky.cz/znamky/mala-prasiva-c48,vedeno v oficiálním seznamu,shoda objektu / lokality,B,Známka reprezentuje lokalitu Malá Prašivá včetně turistické chaty.,2026-07-22
HUT-0088,Libušín,Česko,Moravskoslezské Beskydy,Turistické vizitky / Wander Card,CZ-725,Pustevny – Maměnka a Libušín,https://cs.wander-book.com/pustevny-mamenka-a-libusin-m1389.htm,aktivní v katalogu Wander Book,sdílená nebo lokalitní shoda,B,Jedna společná vizitka pro oba Jurkovičovy objekty.,2026-07-22
HUT-0089,Maměnka,Česko,Moravskoslezské Beskydy,Turistické vizitky / Wander Card,CZ-725,Pustevny – Maměnka a Libušín,https://cs.wander-book.com/pustevny-mamenka-a-libusin-m1389.htm,aktivní v katalogu Wander Book,sdílená nebo lokalitní shoda,B,Jedna společná vizitka pro oba Jurkovičovy objekty.,2026-07-22
HUT-0091,Chata Martiňák,Česko,Moravskoslezské Beskydy,Turistické známky,46,Martiňák,https://www.turisticke-znamky.cz/znamky/martinak-c46,vedeno v oficiálním seznamu,shoda objektu / lokality,B,Známka je vedena zkráceným místním názvem Martiňák.,2026-07-22
HUT-0107,Turnerova chata,Česko,Šumava,Turistické vizitky / Wander Card,CZ-402,Turnerova chata,https://cs.wander-book.com/turnerova-chata-m210.htm,aktivní v katalogu Wander Book,přímá shoda objektu,A,neuvedeno,2026-07-22
HUT-0125,Chata pod Rysmi,Slovensko,Vysoké Tatry,Turistické vizitky / Wander Card,SK-75,Chata pod Rysy,https://cs.wander-book.com/chata-pod-rysy-m4494.htm,aktivní v katalogu Wander Book,přímá shoda objektu,A,neuvedeno,2026-07-22
HUT-0125,Chata pod Rysmi,Slovensko,Vysoké Tatry,Turistické známky,16,Chata pod Rysmi,https://www.turisticke-znamky.sk/znamky/detail/chata-pod-rysmi/16,vedeno v oficiálním seznamu,přímá shoda objektu,A,neuvedeno,2026-07-22
HUT-0126,Téryho chata,Slovensko,Vysoké Tatry,Turistické vizitky / Wander Card,SK-88,Téryho chata,https://cs.wander-book.com/teryho-chata-m4502.htm,aktivní v katalogu Wander Book,přímá shoda objektu,A,neuvedeno,2026-07-22
HUT-0126,Téryho chata,Slovensko,Vysoké Tatry,Turistické známky,15,Téryho chata,https://www.turisticke-znamky.sk/znamky/detail/teryho-chata/15,vedeno v oficiálním seznamu,přímá shoda objektu,A,neuvedeno,2026-07-22
HUT-0127,Zbojnícka chata,Slovensko,Vysoké Tatry,Turistické vizitky / Wander Card,SK-85,Zbojnická chata,https://cs.wander-book.com/zbojnicka-chata-m4499.htm,aktivní v katalogu Wander Book,přímá shoda objektu,A,neuvedeno,2026-07-22
HUT-0127,Zbojnícka chata,Slovensko,Vysoké Tatry,Turistické známky,1,Zbojnícka chata,https://www.turisticke-znamky.sk/znamky/detail/zbojnicka-chata/1,vedeno v oficiálním seznamu,přímá shoda objektu,A,neuvedeno,2026-07-22
HUT-0128,Chata pri Zelenom plese,Slovensko,Vysoké Tatry,Turistické vizitky / Wander Card,SK-86,Chata při Zeleném plese,https://cs.wander-book.com/chata-pri-zelenem-plese-m4493.htm,aktivní v katalogu Wander Book,přímá shoda objektu,A,neuvedeno,2026-07-22
HUT-0128,Chata pri Zelenom plese,Slovensko,Vysoké Tatry,Turistické známky,9,Chata pri Zelenom plese,https://www.turisticke-znamky.sk/znamky/detail/chata-pri-zelenom-plese/9,vedeno v oficiálním seznamu,přímá shoda objektu,A,neuvedeno,2026-07-22
HUT-0129,Zamkovského chata,Slovensko,Vysoké Tatry,Turistické vizitky / Wander Card,SK-628,Zamkovského chata,https://cs.wander-book.com/zamkovskeho-chata-m5158.htm,aktivní v katalogu Wander Book,přímá shoda objektu,A,neuvedeno,2026-07-22
HUT-0129,Zamkovského chata,Slovensko,Vysoké Tatry,Turistické známky,8,Zamkovského chata,https://www.turisticke-znamky.sk/znamky/detail/zamkovskeho-chata/8,vedeno v oficiálním seznamu,přímá shoda objektu,A,neuvedeno,2026-07-22
HUT-0130,Rainerova chata,Slovensko,Vysoké Tatry,Turistické vizitky / Wander Card,SK-79,Rainerova chata,https://cs.wander-book.com/rainerova-chata-m4506.htm,aktivní v katalogu Wander Book,přímá shoda objektu,A,neuvedeno,2026-07-22
HUT-0130,Rainerova chata,Slovensko,Vysoké Tatry,Turistické známky,2,Rainerova chata,https://www.turisticke-znamky.sk/znamky/detail/rainerova-chata/2,vedeno v oficiálním seznamu,přímá shoda objektu,A,neuvedeno,2026-07-22
HUT-0131,Bilíkova chata,Slovensko,Vysoké Tatry,Turistické vizitky / Wander Card,SK-459,Bilíkova chata,https://cs.wander-book.com/bilikova-chata-m4654.htm,aktivní v katalogu Wander Book,přímá shoda objektu,A,neuvedeno,2026-07-22
HUT-0131,Bilíkova chata,Slovensko,Vysoké Tatry,Turistické známky,3,Bilíkova chata,https://www.turisticke-znamky.sk/znamky/detail/bilikova-chata/3,vedeno v oficiálním seznamu,přímá shoda objektu,A,neuvedeno,2026-07-22
HUT-0132,Skalnatá chata,Slovensko,Vysoké Tatry,Turistické vizitky / Wander Card,SK-175,Skalnatá chata,https://cs.wander-book.com/skalnata-chata-m5025.htm,aktivní v katalogu Wander Book,přímá shoda objektu,A,neuvedeno,2026-07-22
HUT-0132,Skalnatá chata,Slovensko,Vysoké Tatry,Turistické známky,6,Skalnatá chata,https://www.turisticke-znamky.sk/znamky/detail/skalnata-chata/6,vedeno v oficiálním seznamu,přímá shoda objektu,A,neuvedeno,2026-07-22
HUT-0133,Chata Plesnivec,Slovensko,Vysoké Tatry,Turistické vizitky / Wander Card,SK-626,Chata Plesnivec,https://cs.wander-book.com/chata-plesnivec-m4759.htm,aktivní v katalogu Wander Book,přímá shoda objektu,A,neuvedeno,2026-07-22
HUT-0133,Chata Plesnivec,Slovensko,Vysoké Tatry,Turistické známky,293,Chata Plesnivec,https://www.turisticke-znamky.sk/znamky/detail/chata-plesnivec/293,vedeno v oficiálním seznamu,přímá shoda objektu,A,neuvedeno,2026-07-22
HUT-0134,Chata pod Soliskom,Slovensko,Vysoké Tatry,Turistické vizitky / Wander Card,SK-43,Chata pod Soliskom,https://cs.wander-book.com/chata-pod-soliskom-m4350.htm,aktivní v katalogu Wander Book,přímá shoda objektu,A,neuvedeno,2026-07-22
HUT-0134,Chata pod Soliskom,Slovensko,Vysoké Tatry,Turistické známky,14,Chata pod Soliskom,https://www.turisticke-znamky.sk/znamky/detail/chata-pod-soliskom/14,vedeno v oficiálním seznamu,přímá shoda objektu,A,neuvedeno,2026-07-22
HUT-0135,Majláthova chata,Slovensko,Vysoké Tatry,Turistické známky,538,Vysoké Tatry - Majláthova chata,https://www.turisticke-znamky.sk/znamky/detail/vysoke-tatry-majlathova-chata/538,vedeno v oficiálním seznamu,přímá shoda objektu,A,neuvedeno,2026-07-22
HUT-0136,Horský hotel Popradské pleso,Slovensko,Vysoké Tatry,Turistické známky,7,Chata pri Popradskom plese,https://www.turisticke-znamky.sk/znamky/detail/chata-pri-popradskom-plese/7,vedeno v oficiálním seznamu,shoda objektu / lokality,B,Oficiální název známky se mírně liší od názvu objektu v katalogu.,2026-07-22
HUT-0137,Sliezsky dom,Slovensko,Vysoké Tatry,Turistické vizitky / Wander Card,SK-31,Sliezsky dom,https://cs.wander-book.com/sliezsky-dom-m4275.htm,aktivní v katalogu Wander Book,přímá shoda objektu,A,neuvedeno,2026-07-22
HUT-0137,Sliezsky dom,Slovensko,Vysoké Tatry,Turistické známky,10,Horský hotel Sliezsky dom - Vysoké Tatry,https://www.turisticke-znamky.sk/znamky/detail/horsky-hotel-sliezsky-dom-vysoke-tatry/10,vedeno v oficiálním seznamu,přímá shoda objektu,A,neuvedeno,2026-07-22
HUT-0139,Žiarska chata,Slovensko,Západní Tatry,Turistické vizitky / Wander Card,SK-1012,Žiarska chata,https://cs.wander-book.com/ziarska-chata-m5175.htm,aktivní v katalogu Wander Book,přímá shoda objektu,A,neuvedeno,2026-07-22
HUT-0139,Žiarska chata,Slovensko,Západní Tatry,Turistické známky,23,Žiarska chata,https://www.turisticke-znamky.sk/znamky/detail/ziarska-chata/23,vedeno v oficiálním seznamu,přímá shoda objektu,A,neuvedeno,2026-07-22
HUT-0140,Ťatliakova chata,Slovensko,Západní Tatry,Turistické známky,642,Ťatliakova chata,https://www.turisticke-znamky.sk/znamky/detail/tatliakova-chata/642,vedeno v oficiálním seznamu,přímá shoda objektu,A,neuvedeno,2026-07-22
HUT-0141,Chata Zverovka,Slovensko,Západní Tatry,Turistické známky,21,Chata Zverovka,https://www.turisticke-znamky.sk/znamky/detail/chata-zverovka/21,vedeno v oficiálním seznamu,přímá shoda objektu,A,neuvedeno,2026-07-22
HUT-0145,Chata M. R. Štefánika,Slovensko,Nízké Tatry,Turistické vizitky / Wander Card,SK-76,Chata M. R. Štefánika pod Ďumbierem,https://cs.wander-book.com/chata-m-r-stefanika-pod-dumbierem-m4490.htm,aktivní v katalogu Wander Book,přímá shoda objektu,A,neuvedeno,2026-07-22
HUT-0145,Chata M. R. Štefánika,Slovensko,Nízké Tatry,Turistické známky,67,Chata M. R. Štefánika pod Ďumbierom,https://www.turisticke-znamky.sk/znamky/detail/chata-m-r-stefanika-pod-dumbierom/67,vedeno v oficiálním seznamu,přímá shoda objektu,A,neuvedeno,2026-07-22
HUT-0146,Kamenná chata pod Chopkom,Slovensko,Nízké Tatry,Turistické známky,68,Kamenná chata pod Chopkom,https://www.turisticke-znamky.sk/znamky/detail/kamenna-chata-pod-chopkom/68,vedeno v oficiálním seznamu,přímá shoda objektu,A,neuvedeno,2026-07-22
HUT-0147,Hotel Kosodrevina,Slovensko,Nízké Tatry,Turistické známky,65,"Chopok - juh, chata Kosodrevina",https://www.turisticke-znamky.sk/znamky/detail/chopok-juh-chata-kosodrevina/65,vedeno v oficiálním seznamu,přímá shoda objektu,A,neuvedeno,2026-07-22
HUT-0148,Chata Trangoška,Slovensko,Nízké Tatry,Turistické známky,64,Chata Trangoška - Nízke Tatry,https://www.turisticke-znamky.sk/znamky/detail/chata-trangoska-nizke-tatry/64,vedeno v oficiálním seznamu,přímá shoda objektu,A,neuvedeno,2026-07-22
HUT-0149,Chata Magurka,Slovensko,Nízké Tatry,Turistické známky,794,Chata Magurka,https://www.turisticke-znamky.sk/znamky/detail/chata-magurka/794,vedeno v oficiálním seznamu,přímá shoda objektu,A,neuvedeno,2026-07-22
HUT-0150,Chata pod Čertovicou,Slovensko,Nízké Tatry,Turistické známky,950,Chata pod sedlom Čertovica - Nízke Tatry,https://www.turisticke-znamky.sk/znamky/detail/chata-pod-sedlom-certovica-nizke-tatry/950,vedeno v oficiálním seznamu,shoda objektu / lokality,B,Oficiální název známky se mírně liší od názvu objektu v katalogu.,2026-07-22
HUT-0152,Útulňa Ďurková pod Chabencom,Slovensko,Nízké Tatry,Turistické známky,66,Útulňa pod Chabencom - Nízke Tatry,https://www.turisticke-znamky.sk/znamky/detail/utulna-pod-chabencom-nizke-tatry/66,vedeno v oficiálním seznamu,přímá shoda objektu,A,neuvedeno,2026-07-22
HUT-0153,Útulňa Andrejcová,Slovensko,Nízké Tatry,Turistické známky,727,Útulňa Andrejcová,https://www.turisticke-znamky.sk/znamky/detail/utulna-andrejcova/727,vedeno v oficiálním seznamu,přímá shoda objektu,A,neuvedeno,2026-07-22
HUT-0159,Chata pod Chlebom,Slovensko,Malá Fatra,Turistické známky,82,Chata pod Chlebom,https://www.turisticke-znamky.sk/znamky/detail/chata-pod-chlebom/82,vedeno v oficiálním seznamu,přímá shoda objektu,A,neuvedeno,2026-07-22
HUT-0160,Chata na Grúni,Slovensko,Malá Fatra,Turistické známky,83,Chata na Grúni,https://www.turisticke-znamky.sk/znamky/detail/chata-na-gruni/83,vedeno v oficiálním seznamu,přímá shoda objektu,A,neuvedeno,2026-07-22
HUT-0161,Chata pod Suchým,Slovensko,Malá Fatra,Turistické známky,81,Chata pod Suchým,https://www.turisticke-znamky.sk/znamky/detail/chata-pod-suchym/81,vedeno v oficiálním seznamu,přímá shoda objektu,A,neuvedeno,2026-07-22
HUT-0162,Chata na Kľačianskej Magure,Slovensko,Malá Fatra,Turistické známky,139,Chata pod Kľačianskou Magurou - Malá Fatra,https://www.turisticke-znamky.sk/znamky/detail/chata-pod-klacianskou-magurou-mala-fatra/139,vedeno v oficiálním seznamu,přímá shoda objektu,A,neuvedeno,2026-07-22
HUT-0163,Chata Vrátna,Slovensko,Malá Fatra,Turistické známky,228,Chata Vrátna,https://www.turisticke-znamky.sk/znamky/detail/chata-vratna/228,vedeno v oficiálním seznamu,přímá shoda objektu,A,neuvedeno,2026-07-22
HUT-0164,Chata Martinské hole,Slovensko,Lúčanská Malá Fatra,Turistické známky,464,Chata Martinské hole,https://www.turisticke-znamky.sk/znamky/detail/chata-martinske-hole/464,vedeno v oficiálním seznamu,přímá shoda objektu,A,neuvedeno,2026-07-22
HUT-0166,Chata pod Borišovom,Slovensko,Velká Fatra,Turistické známky,79,Chata pod Borišovom,https://www.turisticke-znamky.sk/znamky/detail/chata-pod-borisovom/79,vedeno v oficiálním seznamu,přímá shoda objektu,A,neuvedeno,2026-07-22
HUT-0167,Horský hotel Kráľova studňa,Slovensko,Velká Fatra,Turistické známky,500,Horský hotel Kráľova studňa,https://www.turisticke-znamky.sk/znamky/detail/horsky-hotel-kralova-studna/500,vedeno v oficiálním seznamu,přímá shoda objektu,A,neuvedeno,2026-07-22
HUT-0168,Horský hotel Smrekovica,Slovensko,Velká Fatra,Turistické známky,989,Horská chata Smrekovica,https://www.turisticke-znamky.sk/znamky/detail/horska-chata-smrekovica/989,vedeno v oficiálním seznamu,přímá shoda objektu,A,neuvedeno,2026-07-22
HUT-0173,Kláštorisko,Slovensko,Slovenský ráj,Turistické známky,137,Kláštorisko,https://www.turisticke-znamky.sk/znamky/detail/klastorisko/137,vedeno v oficiálním seznamu,přímá shoda objektu,A,neuvedeno,2026-07-22
HUT-0174,Chata Geravy,Slovensko,Slovenský ráj,Turistické známky,233,Chata Geravy,https://www.turisticke-znamky.sk/znamky/detail/chata-geravy/233,vedeno v oficiálním seznamu,přímá shoda objektu,A,neuvedeno,2026-07-22
HUT-0185,Chata pod Hrbom,Slovensko,Veporské vrchy,Turistické známky,520,Chata pod Hrbom,https://www.turisticke-znamky.sk/znamky/detail/chata-pod-hrbom/520,vedeno v oficiálním seznamu,přímá shoda objektu,A,neuvedeno,2026-07-22
HUT-0190,Chata Čergov,Slovensko,Čergov,Turistické známky,517,Chata Čergov,https://www.turisticke-znamky.sk/znamky/detail/chata-cergov/517,vedeno v oficiálním seznamu,přímá shoda objektu,A,neuvedeno,2026-07-22
HUT-0203,Chata Inovec,Slovensko,Považský Inovec,Turistické známky,509,Považský Inovec - Inovecká chata 798 m n. m.,https://www.turisticke-znamky.sk/znamky/detail/povazsky-inovec-inovecka-chata-798-m-n-m/509,vedeno v oficiálním seznamu,shoda objektu / lokality,B,Oficiální název známky se mírně liší od názvu objektu v katalogu.,2026-07-22
HUT-0209,Horská chata Kmínek,Slovensko,Javorníky,Turistické známky,39,Chata Kmínek,https://www.turisticke-znamky.sk/znamky/detail/chata-kminek/39,vedeno v oficiálním seznamu,přímá shoda objektu,A,neuvedeno,2026-07-22
HUT-0213,Hviezdoslavova hájovňa,Slovensko,Oravské Beskydy,Turistické známky,231,Hviezdoslavova hájovňa pod Babou horou,https://www.turisticke-znamky.sk/znamky/detail/hviezdoslavova-hajovna-pod-babou-horou/231,vedeno v oficiálním seznamu,přímá shoda objektu,A,neuvedeno,2026-07-22
HUT-0214,Chata na Kubínskej holi,Slovensko,Oravská Magura,Turistické známky,789,Chata na Kubínskej holi,https://www.turisticke-znamky.sk/znamky/detail/chata-na-kubinskej-holi/789,vedeno v oficiálním seznamu,přímá shoda objektu,A,neuvedeno,2026-07-22
HUT-0217,Dom Śląski,Polsko,Karkonosze,Turistické známky,94,Schronisko Górskie Dom Śląski - Karkonosze,https://www.znaczki-turystyczne.pl/znaczkowe-miejsca-turystyczne/schronisko-gorskie-dom-slaski-karkonosze-c94,vedeno v oficiálním seznamu,přímá shoda objektu,A,neuvedeno,2026-07-22
HUT-0218,Samotnia,Polsko,Karkonosze,Turistické vizitky / Wander Card,PL-40,Turistická chata Samota,https://cs.wander-book.com/turisticka-chata-samota-m6888.htm,aktivní v katalogu Wander Book,přímá shoda objektu,A,neuvedeno,2026-07-22
HUT-0218,Samotnia,Polsko,Karkonosze,Turistické známky,52,Karkonosze - Schronisko PTTK Samotnia,https://www.znaczki-turystyczne.pl/znaczkowe-miejsca-turystyczne/karkonosze-schronisko-pttk-samotnia-c52,vedeno v oficiálním seznamu,přímá shoda objektu,A,neuvedeno,2026-07-22
HUT-0219,Strzecha Akademicka,Polsko,Karkonosze,Turistické vizitky / Wander Card,PL-18,Turistická chata Akademická střecha,https://cs.wander-book.com/turisticka-chata-akademicka-strecha-m6889.htm,aktivní v katalogu Wander Book,přímá shoda objektu,A,neuvedeno,2026-07-22
HUT-0219,Strzecha Akademicka,Polsko,Karkonosze,Turistické známky,39,Schronisko PTTK Strzecha Akademicka,https://www.znaczki-turystyczne.pl/znaczkowe-miejsca-turystyczne/schronisko-pttk-strzecha-akademicka-c39,vedeno v oficiálním seznamu,přímá shoda objektu,A,neuvedeno,2026-07-22
HUT-0221,Odrodzenie,Polsko,Karkonosze,Turistické vizitky / Wander Card,PL-39,Turistická chata Odrodzenie,https://cs.wander-book.com/turisticka-chata-odrodzenie-m7075.htm,aktivní v katalogu Wander Book,přímá shoda objektu,A,neuvedeno,2026-07-22
HUT-0221,Odrodzenie,Polsko,Karkonosze,Turistické známky,98,Schronisko PTTK Odrodzenie,https://www.znaczki-turystyczne.pl/znaczkowe-miejsca-turystyczne/schronisko-pttk-odrodzenie-c98,vedeno v oficiálním seznamu,přímá shoda objektu,A,neuvedeno,2026-07-22
HUT-0223,Szrenica,Polsko,Karkonosze,Turistické vizitky / Wander Card,PL-15,Szrenica,https://cs.wander-book.com/szrenica-m6555.htm,aktivní v katalogu Wander Book,přímá shoda objektu,A,neuvedeno,2026-07-22
HUT-0223,Szrenica,Polsko,Karkonosze,Turistické známky,88,Górskie Schronisko Szrenica,https://www.znaczki-turystyczne.pl/znaczkowe-miejsca-turystyczne/gorskie-schronisko-szrenica-c88,vedeno v oficiálním seznamu,přímá shoda objektu,A,neuvedeno,2026-07-22
HUT-0224,Hala Szrenicka,Polsko,Karkonosze,Turistické známky,99,Schronisko PTTK na Hali Szrenickiej,https://www.znaczki-turystyczne.pl/znaczkowe-miejsca-turystyczne/schronisko-pttk-na-hali-szrenickiej-c99,vedeno v oficiálním seznamu,přímá shoda objektu,A,neuvedeno,2026-07-22
HUT-0225,Kamieńczyk,Polsko,Karkonosze,Turistické známky,29,Schronisko Kamieńczyk,https://www.znaczki-turystyczne.pl/znaczkowe-miejsca-turystyczne/schronisko-kamienczyk-c29,vedeno v oficiálním seznamu,přímá shoda objektu,A,neuvedeno,2026-07-22
HUT-0227,Na Przełęczy Okraj,Polsko,Karkonosze,Turistické známky,47,Schronisko PTTK na Przełęczy Okraj,https://www.znaczki-turystyczne.pl/znaczkowe-miejsca-turystyczne/schronisko-pttk-na-przeleczy-okraj-c47,vedeno v oficiálním seznamu,přímá shoda objektu,A,neuvedeno,2026-07-22
HUT-0228,Szwajcarka,Polsko,Rudawy Janowickie,Turistické známky,34,Schronisko PTTK Szwajcarka - Góry Sokole,https://www.znaczki-turystyczne.pl/znaczkowe-miejsca-turystyczne/schronisko-pttk-szwajcarka-gory-sokole-c34,vedeno v oficiálním seznamu,přímá shoda objektu,A,neuvedeno,2026-07-22
HUT-0229,Stacja Turystyczna Orle,Polsko,Góry Izerskie,Turistické vizitky / Wander Card,PL-43,Turistická chata Orle,https://cs.wander-book.com/turisticka-chata-orle-m6566.htm,aktivní v katalogu Wander Book,přímá shoda objektu,A,neuvedeno,2026-07-22
HUT-0229,Stacja Turystyczna Orle,Polsko,Góry Izerskie,Turistické známky,85,Stacja Turystyczna Orle,https://www.znaczki-turystyczne.pl/znaczkowe-miejsca-turystyczne/stacja-turystyczna-orle-c85,vedeno v oficiálním seznamu,přímá shoda objektu,A,neuvedeno,2026-07-22
HUT-0230,Chatka Górzystów,Polsko,Góry Izerskie,Turistické vizitky / Wander Card,PL-89,Chatka Górzystów,https://cs.wander-book.com/chatka-gorzystow-m6513.htm,aktivní v katalogu Wander Book,přímá shoda objektu,A,neuvedeno,2026-07-22
HUT-0230,Chatka Górzystów,Polsko,Góry Izerskie,Turistické známky,86,Chatka Górzystów,https://www.znaczki-turystyczne.pl/znaczkowe-miejsca-turystyczne/chatka-gorzystow-c86,vedeno v oficiálním seznamu,přímá shoda objektu,A,neuvedeno,2026-07-22
HUT-0231,Na Stogu Izerskim,Polsko,Góry Izerskie,Turistické vizitky / Wander Card,PL-86,Turistická chata na Jizerském stohu,https://cs.wander-book.com/turisticka-chata-na-jizerskem-stohu-m6523.htm,aktivní v katalogu Wander Book,přímá shoda objektu,A,neuvedeno,2026-07-22
HUT-0231,Na Stogu Izerskim,Polsko,Góry Izerskie,Turistické známky,87,Schronisko PTTK na Stogu Izerskim,https://www.znaczki-turystyczne.pl/znaczkowe-miejsca-turystyczne/schronisko-pttk-na-stogu-izerskim-c87,vedeno v oficiálním seznamu,přímá shoda objektu,A,neuvedeno,2026-07-22
HUT-0234,Schronisko Jagodna,Polsko,Góry Bystrzyckie,Turistické známky,45,Schronisko PTTK Jagodna,https://www.znaczki-turystyczne.pl/znaczkowe-miejsca-turystyczne/schronisko-pttk-jagodna-c45,vedeno v oficiálním seznamu,přímá shoda objektu,A,neuvedeno,2026-07-22
HUT-0235,Schronisko Pod Muflonem,Polsko,Góry Bystrzyckie,Turistické známky,37,Schronisko PTTK Pod Muflonem,https://www.znaczki-turystyczne.pl/znaczkowe-miejsca-turystyczne/schronisko-pttk-pod-muflonem-c37,vedeno v oficiálním seznamu,přímá shoda objektu,A,neuvedeno,2026-07-22
HUT-0236,Schronisko Na Śnieżniku,Polsko,Masyw Śnieżnika,Turistické známky,148,Schronisko PTTK na Śnieżniku,https://www.znaczki-turystyczne.pl/znaczkowe-miejsca-turystyczne/schronisko-pttk-na-sniezniku-c148,vedeno v oficiálním seznamu,přímá shoda objektu,A,neuvedeno,2026-07-22
HUT-0238,Andrzejówka,Polsko,Góry Kamienne,Turistické známky,32,Schronisko PTTK Andrzejówka,https://www.znaczki-turystyczne.pl/znaczkowe-miejsca-turystyczne/schronisko-pttk-andrzejowka-c32,vedeno v oficiálním seznamu,přímá shoda objektu,A,neuvedeno,2026-07-22
HUT-0239,Pasterka,Polsko,Góry Stołowe,Turistické známky,30,Schronisko PTTK Pasterka,https://www.znaczki-turystyczne.pl/znaczkowe-miejsca-turystyczne/schronisko-pttk-pasterka-c30,vedeno v oficiálním seznamu,přímá shoda objektu,A,neuvedeno,2026-07-22
HUT-0240,Na Szczelińcu,Polsko,Góry Stołowe,Turistické známky,31,Najstarsze w Polsce Schronisko PTTK na Szczelińcu Wielkim,https://www.znaczki-turystyczne.pl/znaczkowe-miejsca-turystyczne/najstarsze-w-polsce-schronisko-pttk-na-szczelincu-wielkim-c31,vedeno v oficiálním seznamu,přímá shoda objektu,A,neuvedeno,2026-07-22
HUT-0241,Zygmuntówka,Polsko,Góry Sowie,Turistické známky,46,Schronisko PTTK Zygmuntówka na Przełęczy Jugowskiej,https://www.znaczki-turystyczne.pl/znaczkowe-miejsca-turystyczne/schronisko-pttk-zygmuntowka-na-przeleczy-jugowskiej-c46,vedeno v oficiálním seznamu,přímá shoda objektu,A,neuvedeno,2026-07-22
HUT-0242,Pod Kopą Biskupią,Polsko,Góry Opawskie,Turistické známky,155,Schronisko PTTK pod Biskupią Kopą,https://www.znaczki-turystyczne.pl/znaczkowe-miejsca-turystyczne/schronisko-pttk-pod-biskupia-kopa-c155,vedeno v oficiálním seznamu,přímá shoda objektu,A,neuvedeno,2026-07-22
HUT-0243,Schronisko na Stożku,Polsko,Beskid Śląski,Turistické známky,54,Schronisko PTTK Stożek w Wiśle,https://www.znaczki-turystyczne.pl/znaczkowe-miejsca-turystyczne/schronisko-pttk-stozek-w-wisle-c54,vedeno v oficiálním seznamu,přímá shoda objektu,A,neuvedeno,2026-07-22
HUT-0244,Schronisko na Soszowie,Polsko,Beskid Śląski,Turistické známky,180,Schronisko - Soszów - Wisła,https://www.znaczki-turystyczne.pl/znaczkowe-miejsca-turystyczne/schronisko-soszow-wisla-c180,vedeno v oficiálním seznamu,přímá shoda objektu,A,neuvedeno,2026-07-22
HUT-0245,Schronisko na Równicy,Polsko,Beskid Śląski,Turistické známky,35,Schronisko Górskie Równica,https://www.znaczki-turystyczne.pl/znaczkowe-miejsca-turystyczne/schronisko-gorskie-rownica-c35,vedeno v oficiálním seznamu,přímá shoda objektu,A,neuvedeno,2026-07-22
HUT-0247,Schronisko na Skrzycznem,Polsko,Beskid Śląski,Turistické známky,51,Schronisko PTTK Skrzyczne - Beskid Śląski,https://www.znaczki-turystyczne.pl/znaczkowe-miejsca-turystyczne/schronisko-pttk-skrzyczne-beskid-slaski-c51,vedeno v oficiálním seznamu,přímá shoda objektu,A,neuvedeno,2026-07-22
HUT-0248,Schronisko Klimczok,Polsko,Beskid Śląski,Turistické známky,50,Schronisko Górskie PTTK Klimczok,https://www.znaczki-turystyczne.pl/znaczkowe-miejsca-turystyczne/schronisko-gorskie-pttk-klimczok-c50,vedeno v oficiálním seznamu,přímá shoda objektu,A,neuvedeno,2026-07-22
HUT-0249,Schronisko na Błatniej,Polsko,Beskid Śląski,Turistické známky,48,Schronisko PTTK na Błatniej,https://www.znaczki-turystyczne.pl/znaczkowe-miejsca-turystyczne/schronisko-pttk-na-blatniej-c48,vedeno v oficiálním seznamu,přímá shoda objektu,A,neuvedeno,2026-07-22
HUT-0250,Schronisko Szyndzielnia,Polsko,Beskid Śląski,Turistické známky,27,Schronisko PTTK na Szyndzielni,https://www.znaczki-turystyczne.pl/znaczkowe-miejsca-turystyczne/schronisko-pttk-na-szyndzielni-c27,vedeno v oficiálním seznamu,přímá shoda objektu,A,neuvedeno,2026-07-22
HUT-0251,Schronisko na Wielkiej Raczy,Polsko,Beskid Żywiecki,Turistické známky,58,Schronisko PTTK Wielka Racza - Beskid Żywiecki,https://www.znaczki-turystyczne.pl/znaczkowe-miejsca-turystyczne/schronisko-pttk-wielka-racza-beskid-zywiecki-c58,vedeno v oficiálním seznamu,přímá shoda objektu,A,neuvedeno,2026-07-22
HUT-0252,Schronisko na Przegibku,Polsko,Beskid Żywiecki,Turistické známky,57,Beskid Żywiecki - Schronisko PTTK na Przegibku,https://www.znaczki-turystyczne.pl/znaczkowe-miejsca-turystyczne/beskid-zywiecki-schronisko-pttk-na-przegibku-c57,vedeno v oficiálním seznamu,přímá shoda objektu,A,neuvedeno,2026-07-22
HUT-0253,Bacówka na Rycerzowej,Polsko,Beskid Żywiecki,Turistické známky,71,Schronisko PTTK Bacówka na Rycerzowej,https://www.znaczki-turystyczne.pl/znaczkowe-miejsca-turystyczne/schronisko-pttk-bacowka-na-rycerzowej-c71,vedeno v oficiálním seznamu,přímá shoda objektu,A,neuvedeno,2026-07-22
HUT-0255,Schronisko Rysianka,Polsko,Beskid Żywiecki,Turistické známky,56,Rysianka - Beskid Żywiecki,https://www.znaczki-turystyczne.pl/znaczkowe-miejsca-turystyczne/rysianka-beskid-zywiecki-c56,vedeno v oficiálním seznamu,přímá shoda objektu,A,neuvedeno,2026-07-22
HUT-0256,Schronisko Lipowska,Polsko,Beskid Żywiecki,Turistické známky,55,Beskid Żywiecki - Hala Lipowska,https://www.znaczki-turystyczne.pl/znaczkowe-miejsca-turystyczne/beskid-zywiecki-hala-lipowska-c55,vedeno v oficiálním seznamu,přímá shoda objektu,A,neuvedeno,2026-07-22
HUT-0257,Schronisko Hala Miziowa,Polsko,Beskid Żywiecki,Turistické známky,53,Schronisko PTTK na Hali Miziowej,https://www.znaczki-turystyczne.pl/znaczkowe-miejsca-turystyczne/schronisko-pttk-na-hali-miziowej-c53,vedeno v oficiálním seznamu,přímá shoda objektu,A,neuvedeno,2026-07-22
HUT-0258,Markowe Szczawiny,Polsko,Beskid Żywiecki,Turistické známky,62,Markowe Szczawiny - Babia Góra,https://www.znaczki-turystyczne.pl/znaczkowe-miejsca-turystyczne/markowe-szczawiny-babia-gora-c62,vedeno v oficiálním seznamu,přímá shoda objektu,A,neuvedeno,2026-07-22
HUT-0259,Hala Krupowa,Polsko,Beskid Żywiecki,Turistické známky,59,Schronisko PTTK na Hali Krupowej,https://www.znaczki-turystyczne.pl/znaczkowe-miejsca-turystyczne/schronisko-pttk-na-hali-krupowej-c59,vedeno v oficiálním seznamu,přímá shoda objektu,A,neuvedeno,2026-07-22
HUT-0260,Morskie Oko,Polsko,Tatry Wysokie,Turistické známky,4,Schronisko PTTK w Tatrach - Morskie Oko,https://www.znaczki-turystyczne.pl/znaczkowe-miejsca-turystyczne/schronisko-pttk-w-tatrach-morskie-oko-c4,vedeno v oficiálním seznamu,přímá shoda objektu,A,neuvedeno,2026-07-22
HUT-0261,Dolina Pięciu Stawów Polskich,Polsko,Tatry Wysokie,Turistické známky,6,Pięć Stawów - Schronisko PTTK,https://www.znaczki-turystyczne.pl/znaczkowe-miejsca-turystyczne/piec-stawow-schronisko-pttk-c6,vedeno v oficiálním seznamu,přímá shoda objektu,A,neuvedeno,2026-07-22
HUT-0262,Murowaniec,Polsko,Tatry Wysokie,Turistické známky,2,Murowaniec - Schronisko PTTK Hala Gąsienicowa,https://www.znaczki-turystyczne.pl/znaczkowe-miejsca-turystyczne/murowaniec-schronisko-pttk-hala-gasienicowa-c2,vedeno v oficiálním seznamu,přímá shoda objektu,A,neuvedeno,2026-07-22
HUT-0267,Dolina Roztoki,Polsko,Tatry Wysokie,Turistické známky,7,Schronisko PTTK im. Wincentego Pola w Dolinie Roztoki,https://www.znaczki-turystyczne.pl/znaczkowe-miejsca-turystyczne/schronisko-pttk-im-wincentego-pola-w-dolinie-roztoki-c7,vedeno v oficiálním seznamu,přímá shoda objektu,A,neuvedeno,2026-07-22
HUT-0268,Schronisko Trzy Korony,Polsko,Pieniny,Turistické známky,726,Schronisko PTTK Trzy Korony - Sromowce Niżne,https://www.znaczki-turystyczne.pl/znaczkowe-miejsca-turystyczne/schronisko-pttk-trzy-korony-sromowce-nizne-c726,vedeno v oficiálním seznamu,přímá shoda objektu,A,neuvedeno,2026-07-22
HUT-0269,Schronisko Orlica,Polsko,Pieniny,Turistické známky,13,Schronisko PTTK Orlica – Szczawnica,https://www.znaczki-turystyczne.pl/znaczkowe-miejsca-turystyczne/schronisko-pttk-orlica-szczawnica-c13,vedeno v oficiálním seznamu,přímá shoda objektu,A,neuvedeno,2026-07-22
HUT-0274,Bacówka Pod Honem,Polsko,Bieszczady,Turistické známky,25,Bacówka PTTK pod Honem - Bieszczady,https://www.znaczki-turystyczne.pl/znaczkowe-miejsca-turystyczne/bacowka-pttk-pod-honem-bieszczady-c25,vedeno v oficiálním seznamu,přímá shoda objektu,A,neuvedeno,2026-07-22
HUT-0275,Schronisko PTTK Komańcza,Polsko,Bieszczady,Turistické známky,42,Schronisko PTTK w Komańczy,https://www.znaczki-turystyczne.pl/znaczkowe-miejsca-turystyczne/schronisko-pttk-w-komanczy-c42,vedeno v oficiálním seznamu,přímá shoda objektu,A,neuvedeno,2026-07-22
